year,odd_even,population,river,group,abundance,updated_abundance
1970,2,1,1,unexposed,9000,9000
1970,2,3,2,unexposed,12000,12000
1970,2,5,3,unexposed,70000,70000
1970,2,7,4,unexposed,4000,4000
1970,2,9,5,unexposed,12000,12000
1970,2,11,6,unexposed,500,500
1970,2,13,7,unexposed,2000,2000
1970,2,15,8,unexposed,800,800
1970,2,17,9,unexposed,2000,2000
1970,2,19,10,unexposed,40000,40000
1970,2,21,11,unexposed,NA,NA
1970,2,23,12,unexposed,300,300
1970,2,25,13,unexposed,200,200
1970,2,27,14,unexposed,NA,NA
1970,2,29,15,unexposed,1000,1000
1970,2,31,16,unexposed,25000,25000
1970,2,33,17,unexposed,12000,12000
1970,2,35,18,unexposed,500,500
1970,2,37,19,unexposed,20000,20000
1970,2,39,20,unexposed,400,400
1970,2,41,21,unexposed,3500,3500
1970,2,43,22,unexposed,3500,3500
1970,2,45,23,unexposed,3500,3500
1970,2,47,24,unexposed,NA,NA
1970,2,49,25,unexposed,400,400
1970,2,51,26,unexposed,7500,7500
1970,2,53,27,unexposed,3500,3500
1970,2,55,28,unexposed,3500,3500
1970,2,57,29,unexposed,NA,NA
1970,2,59,30,unexposed,1500,1500
1970,2,61,31,unexposed,1500,1500
1970,2,63,32,unexposed,400,400
1970,2,65,33,unexposed,NA,NA
1970,2,67,34,unexposed,35000,35000
1970,2,69,35,unexposed,3500,3500
1970,2,71,36,unexposed,1500,1500
1970,2,73,37,unexposed,NA,NA
1970,2,75,38,unexposed,7500,7500
1970,2,77,39,unexposed,NA,NA
1970,2,79,40,unexposed,400,400
1970,2,81,41,unexposed,750,750
1970,2,83,42,unexposed,750,750
1970,2,85,43,unexposed,85000,85000
1970,2,87,44,unexposed,NA,NA
1970,2,89,45,unexposed,7500,7500
1970,2,91,46,unexposed,NA,NA
1970,2,93,47,unexposed,60000,60000
1970,2,95,48,unexposed,NA,NA
1970,2,97,49,unexposed,15000,15000
1970,2,99,50,unexposed,75000,75000
1970,2,101,51,unexposed,35000,35000
1970,2,103,52,unexposed,15000,15000
1970,2,105,53,unexposed,200,200
1970,2,107,54,unexposed,200,200
1970,2,109,55,unexposed,NA,NA
1970,2,111,56,unexposed,200,200
1970,2,113,57,unexposed,25,25
1970,2,115,58,unexposed,25,25
1970,2,117,59,unexposed,3500,3500
1970,2,119,60,unexposed,NA,NA
1970,2,121,61,unexposed,NA,NA
1970,2,123,62,unexposed,NA,NA
1970,2,125,63,unexposed,15000,15000
1970,2,127,64,unexposed,NA,NA
1971,1,2,1,unexposed,1500,1500
1971,1,4,2,unexposed,2000,2000
1971,1,6,3,unexposed,60000,60000
1971,1,8,4,unexposed,1500,1500
1971,1,10,5,unexposed,25000,25000
1971,1,12,6,unexposed,300,300
1971,1,14,7,unexposed,12000,12000
1971,1,16,8,unexposed,75,75
1971,1,18,9,unexposed,15000,15000
1971,1,20,10,unexposed,25000,25000
1971,1,22,11,unexposed,500,500
1971,1,24,12,unexposed,25,25
1971,1,26,13,unexposed,200,200
1971,1,28,14,unexposed,NA,NA
1971,1,30,15,unexposed,1500,1500
1971,1,32,16,unexposed,20000,20000
1971,1,34,17,unexposed,5000,5000
1971,1,36,18,unexposed,1000,1000
1971,1,38,19,unexposed,15000,15000
1971,1,40,20,unexposed,800,800
1971,1,42,21,unexposed,400,400
1971,1,44,22,unexposed,50,50
1971,1,46,23,unexposed,3000,3000
1971,1,48,24,unexposed,NA,NA
1971,1,50,25,unexposed,3000,3000
1971,1,52,26,unexposed,1800,1800
1971,1,54,27,unexposed,1400,1400
1971,1,56,28,unexposed,200,200
1971,1,58,29,unexposed,NA,NA
1971,1,60,30,unexposed,500,500
1971,1,62,31,unexposed,NA,NA
1971,1,64,32,unexposed,NA,NA
1971,1,66,33,unexposed,NA,NA
1971,1,68,34,unexposed,NA,NA
1971,1,70,35,unexposed,NA,NA
1971,1,72,36,unexposed,NA,NA
1971,1,74,37,unexposed,NA,NA
1971,1,76,38,unexposed,600,600
1971,1,78,39,unexposed,NA,NA
1971,1,80,40,unexposed,NA,NA
1971,1,82,41,unexposed,NA,NA
1971,1,84,42,unexposed,NA,NA
1971,1,86,43,unexposed,90000,90000
1971,1,88,44,unexposed,50,50
1971,1,90,45,unexposed,350,350
1971,1,92,46,unexposed,NA,NA
1971,1,94,47,unexposed,125000,125000
1971,1,96,48,unexposed,30,30
1971,1,98,49,unexposed,400,400
1971,1,100,50,unexposed,100,100
1971,1,102,51,unexposed,3500,3500
1971,1,104,52,unexposed,5000,5000
1971,1,106,53,unexposed,70,70
1971,1,108,54,unexposed,40,40
1971,1,110,55,unexposed,NA,NA
1971,1,112,56,unexposed,15,15
1971,1,114,57,unexposed,25,25
1971,1,116,58,unexposed,NA,NA
1971,1,118,59,unexposed,25000,25000
1971,1,120,60,unexposed,NA,NA
1971,1,122,61,unexposed,25,25
1971,1,124,62,unexposed,NA,NA
1971,1,126,63,unexposed,4000,4000
1971,1,128,64,unexposed,NA,NA
1972,2,1,1,unexposed,1000,1000
1972,2,3,2,unexposed,5000,5000
1972,2,5,3,unexposed,4000,4000
1972,2,7,4,unexposed,300,300
1972,2,9,5,unexposed,1000,1000
1972,2,11,6,unexposed,600,600
1972,2,13,7,unexposed,1500,1500
1972,2,15,8,unexposed,75,75
1972,2,17,9,unexposed,2000,2000
1972,2,19,10,unexposed,55000,55000
1972,2,21,11,unexposed,NA,NA
1972,2,23,12,unexposed,25,25
1972,2,25,13,unexposed,50,50
1972,2,27,14,unexposed,NA,NA
1972,2,29,15,unexposed,300,300
1972,2,31,16,unexposed,5000,5000
1972,2,33,17,unexposed,5000,5000
1972,2,35,18,unexposed,200,200
1972,2,37,19,unexposed,6000,6000
1972,2,39,20,unexposed,750,750
1972,2,41,21,unexposed,1500,1500
1972,2,43,22,unexposed,7500,7500
1972,2,45,23,unexposed,18000,18000
1972,2,47,24,unexposed,NA,NA
1972,2,49,25,unexposed,750,750
1972,2,51,26,unexposed,6000,6000
1972,2,53,27,unexposed,3500,3500
1972,2,55,28,unexposed,3500,3500
1972,2,57,29,unexposed,2500,2500
1972,2,59,30,unexposed,1500,1500
1972,2,61,31,unexposed,3000,3000
1972,2,63,32,unexposed,NA,NA
1972,2,65,33,unexposed,200,200
1972,2,67,34,unexposed,40000,40000
1972,2,69,35,unexposed,3500,3500
1972,2,71,36,unexposed,3000,3000
1972,2,73,37,unexposed,NA,NA
1972,2,75,38,unexposed,3500,3500
1972,2,77,39,unexposed,NA,NA
1972,2,79,40,unexposed,1500,1500
1972,2,81,41,unexposed,750,750
1972,2,83,42,unexposed,4000,4000
1972,2,85,43,unexposed,75000,75000
1972,2,87,44,unexposed,NA,NA
1972,2,89,45,unexposed,400,400
1972,2,91,46,unexposed,750,750
1972,2,93,47,unexposed,75000,75000
1972,2,95,48,unexposed,1500,1500
1972,2,97,49,unexposed,7500,7500
1972,2,99,50,unexposed,175000,175000
1972,2,101,51,unexposed,200000,200000
1972,2,103,52,unexposed,75000,75000
1972,2,105,53,unexposed,1500,1500
1972,2,107,54,unexposed,400,400
1972,2,109,55,unexposed,5000,5000
1972,2,111,56,unexposed,1000,1000
1972,2,113,57,unexposed,75,75
1972,2,115,58,unexposed,NA,NA
1972,2,117,59,unexposed,35000,35000
1972,2,119,60,unexposed,NA,NA
1972,2,121,61,unexposed,400,400
1972,2,123,62,unexposed,NA,NA
1972,2,125,63,unexposed,2500,2500
1972,2,127,64,unexposed,25,25
1973,1,2,1,unexposed,50,50
1973,1,4,2,unexposed,400,400
1973,1,6,3,unexposed,4000,4000
1973,1,8,4,unexposed,500,500
1973,1,10,5,unexposed,3000,3000
1973,1,12,6,unexposed,300,300
1973,1,14,7,unexposed,8000,8000
1973,1,16,8,unexposed,50,50
1973,1,18,9,unexposed,20000,20000
1973,1,20,10,unexposed,8000,8000
1973,1,22,11,unexposed,50,50
1973,1,24,12,unexposed,100,100
1973,1,26,13,unexposed,NA,NA
1973,1,28,14,unexposed,NA,NA
1973,1,30,15,unexposed,500,500
1973,1,32,16,unexposed,2000,2000
1973,1,34,17,unexposed,5000,5000
1973,1,36,18,unexposed,500,500
1973,1,38,19,unexposed,5000,5000
1973,1,40,20,unexposed,400,400
1973,1,42,21,unexposed,1500,1500
1973,1,44,22,unexposed,1500,1500
1973,1,46,23,unexposed,3500,3500
1973,1,48,24,unexposed,NA,NA
1973,1,50,25,unexposed,400,400
1973,1,52,26,unexposed,1500,1500
1973,1,54,27,unexposed,750,750
1973,1,56,28,unexposed,NA,NA
1973,1,58,29,unexposed,1500,1500
1973,1,60,30,unexposed,NA,NA
1973,1,62,31,unexposed,NA,NA
1973,1,64,32,unexposed,NA,NA
1973,1,66,33,unexposed,75,75
1973,1,68,34,unexposed,NA,NA
1973,1,70,35,unexposed,NA,NA
1973,1,72,36,unexposed,NA,NA
1973,1,74,37,unexposed,NA,NA
1973,1,76,38,unexposed,NA,NA
1973,1,78,39,unexposed,NA,NA
1973,1,80,40,unexposed,NA,NA
1973,1,82,41,unexposed,NA,NA
1973,1,84,42,unexposed,NA,NA
1973,1,86,43,unexposed,65000,65000
1973,1,88,44,unexposed,NA,NA
1973,1,90,45,unexposed,NA,NA
1973,1,92,46,unexposed,750,750
1973,1,94,47,unexposed,60000,60000
1973,1,96,48,unexposed,25,25
1973,1,98,49,unexposed,200,200
1973,1,100,50,unexposed,NA,NA
1973,1,102,51,unexposed,750,750
1973,1,104,52,unexposed,5000,5000
1973,1,106,53,unexposed,90,90
1973,1,108,54,unexposed,NA,NA
1973,1,110,55,unexposed,NA,NA
1973,1,112,56,unexposed,NA,NA
1973,1,114,57,unexposed,NA,NA
1973,1,116,58,unexposed,25,25
1973,1,118,59,unexposed,3500,3500
1973,1,120,60,unexposed,NA,NA
1973,1,122,61,unexposed,175,175
1973,1,124,62,unexposed,NA,NA
1973,1,126,63,unexposed,5000,5000
1973,1,128,64,unexposed,30,30
1974,2,1,1,unexposed,NA,NA
1974,2,3,2,unexposed,2000,2000
1974,2,5,3,unexposed,5000,5000
1974,2,7,4,unexposed,3000,3000
1974,2,9,5,unexposed,1000,1000
1974,2,11,6,unexposed,1000,1000
1974,2,13,7,unexposed,2000,2000
1974,2,15,8,unexposed,100,100
1974,2,17,9,unexposed,1000,1000
1974,2,19,10,unexposed,18000,18000
1974,2,21,11,unexposed,NA,NA
1974,2,23,12,unexposed,400,400
1974,2,25,13,unexposed,NA,NA
1974,2,27,14,unexposed,NA,NA
1974,2,29,15,unexposed,2000,2000
1974,2,31,16,unexposed,1000,1000
1974,2,33,17,unexposed,5000,5000
1974,2,35,18,unexposed,3000,3000
1974,2,37,19,unexposed,9000,9000
1974,2,39,20,unexposed,500,500
1974,2,41,21,unexposed,NA,NA
1974,2,43,22,unexposed,1000,1000
1974,2,45,23,unexposed,8000,8000
1974,2,47,24,unexposed,NA,NA
1974,2,49,25,unexposed,500,500
1974,2,51,26,unexposed,4000,4000
1974,2,53,27,unexposed,2000,2000
1974,2,55,28,unexposed,4500,4500
1974,2,57,29,unexposed,NA,NA
1974,2,59,30,unexposed,1000,1000
1974,2,61,31,unexposed,2000,2000
1974,2,63,32,unexposed,NA,NA
1974,2,65,33,unexposed,2000,2000
1974,2,67,34,unexposed,55000,55000
1974,2,69,35,unexposed,15000,15000
1974,2,71,36,unexposed,10000,10000
1974,2,73,37,unexposed,NA,NA
1974,2,75,38,unexposed,25000,25000
1974,2,77,39,unexposed,600,600
1974,2,79,40,unexposed,10000,10000
1974,2,81,41,unexposed,2000,2000
1974,2,83,42,unexposed,15000,15000
1974,2,85,43,unexposed,125000,125000
1974,2,87,44,unexposed,500,500
1974,2,89,45,unexposed,300,300
1974,2,91,46,unexposed,1000,1000
1974,2,93,47,unexposed,85000,85000
1974,2,95,48,unexposed,750,750
1974,2,97,49,unexposed,2250,2250
1974,2,99,50,unexposed,35000,35000
1974,2,101,51,unexposed,55000,55000
1974,2,103,52,unexposed,90000,90000
1974,2,105,53,unexposed,3500,3500
1974,2,107,54,unexposed,750,750
1974,2,109,55,unexposed,4000,4000
1974,2,111,56,unexposed,7500,7500
1974,2,113,57,unexposed,1500,1500
1974,2,115,58,unexposed,400,400
1974,2,117,59,unexposed,12500,12500
1974,2,119,60,unexposed,NA,NA
1974,2,121,61,unexposed,750,750
1974,2,123,62,unexposed,NA,NA
1974,2,125,63,unexposed,9000,9000
1974,2,127,64,unexposed,NA,NA
1975,1,2,1,unexposed,200,200
1975,1,4,2,unexposed,800,800
1975,1,6,3,unexposed,2700,2700
1975,1,8,4,unexposed,1000,1000
1975,1,10,5,unexposed,5000,5000
1975,1,12,6,unexposed,NA,NA
1975,1,14,7,unexposed,12000,12000
1975,1,16,8,unexposed,300,300
1975,1,18,9,unexposed,2000,2000
1975,1,20,10,unexposed,2200,2200
1975,1,22,11,unexposed,400,400
1975,1,24,12,unexposed,100,100
1975,1,26,13,unexposed,100,100
1975,1,28,14,unexposed,NA,NA
1975,1,30,15,unexposed,700,700
1975,1,32,16,unexposed,1000,1000
1975,1,34,17,unexposed,2000,2000
1975,1,36,18,unexposed,350,350
1975,1,38,19,unexposed,5000,5000
1975,1,40,20,unexposed,1500,1500
1975,1,42,21,unexposed,NA,NA
1975,1,44,22,unexposed,NA,NA
1975,1,46,23,unexposed,9000,9000
1975,1,48,24,unexposed,NA,NA
1975,1,50,25,unexposed,75,75
1975,1,52,26,unexposed,10000,10000
1975,1,54,27,unexposed,1500,1500
1975,1,56,28,unexposed,1000,1000
1975,1,58,29,unexposed,750,750
1975,1,60,30,unexposed,25,25
1975,1,62,31,unexposed,400,400
1975,1,64,32,unexposed,NA,NA
1975,1,66,33,unexposed,25,25
1975,1,68,34,unexposed,400,400
1975,1,70,35,unexposed,200,200
1975,1,72,36,unexposed,750,750
1975,1,74,37,unexposed,NA,NA
1975,1,76,38,unexposed,750,750
1975,1,78,39,unexposed,NA,NA
1975,1,80,40,unexposed,75,75
1975,1,82,41,unexposed,200,200
1975,1,84,42,unexposed,NA,NA
1975,1,86,43,unexposed,45000,45000
1975,1,88,44,unexposed,200,200
1975,1,90,45,unexposed,NA,NA
1975,1,92,46,unexposed,750,750
1975,1,94,47,unexposed,47500,47500
1975,1,96,48,unexposed,250,250
1975,1,98,49,unexposed,250,250
1975,1,100,50,unexposed,500,500
1975,1,102,51,unexposed,10000,10000
1975,1,104,52,unexposed,15000,15000
1975,1,106,53,unexposed,NA,NA
1975,1,108,54,unexposed,200,200
1975,1,110,55,unexposed,300,300
1975,1,112,56,unexposed,NA,NA
1975,1,114,57,unexposed,300,300
1975,1,116,58,unexposed,25,25
1975,1,118,59,unexposed,60000,60000
1975,1,120,60,unexposed,NA,NA
1975,1,122,61,unexposed,NA,NA
1975,1,124,62,unexposed,NA,NA
1975,1,126,63,unexposed,800,800
1975,1,128,64,unexposed,500,500
1976,2,1,1,unexposed,4500,4500
1976,2,3,2,unexposed,4500,4500
1976,2,5,3,unexposed,8500,8500
1976,2,7,4,unexposed,2400,2400
1976,2,9,5,unexposed,8000,8000
1976,2,11,6,unexposed,600,600
1976,2,13,7,unexposed,600,600
1976,2,15,8,unexposed,60,60
1976,2,17,9,unexposed,400,400
1976,2,19,10,unexposed,18000,18000
1976,2,21,11,unexposed,2800,2800
1976,2,23,12,unexposed,100,100
1976,2,25,13,unexposed,500,500
1976,2,27,14,unexposed,NA,NA
1976,2,29,15,unexposed,7000,7000
1976,2,31,16,unexposed,5000,5000
1976,2,33,17,unexposed,5000,5000
1976,2,35,18,unexposed,2000,2000
1976,2,37,19,unexposed,35000,35000
1976,2,39,20,unexposed,2500,2500
1976,2,41,21,unexposed,3500,3500
1976,2,43,22,unexposed,1500,1500
1976,2,45,23,unexposed,7500,7500
1976,2,47,24,unexposed,NA,NA
1976,2,49,25,unexposed,100,100
1976,2,51,26,unexposed,1750,1750
1976,2,53,27,unexposed,2000,2000
1976,2,55,28,unexposed,5000,5000
1976,2,57,29,unexposed,250,250
1976,2,59,30,unexposed,1000,1000
1976,2,61,31,unexposed,4000,4000
1976,2,63,32,unexposed,NA,NA
1976,2,65,33,unexposed,NA,NA
1976,2,67,34,unexposed,15000,15000
1976,2,69,35,unexposed,9000,9000
1976,2,71,36,unexposed,6500,6500
1976,2,73,37,unexposed,NA,NA
1976,2,75,38,unexposed,20000,20000
1976,2,77,39,unexposed,1250,1250
1976,2,79,40,unexposed,3000,3000
1976,2,81,41,unexposed,2000,2000
1976,2,83,42,unexposed,11000,11000
1976,2,85,43,unexposed,80000,80000
1976,2,87,44,unexposed,1500,1500
1976,2,89,45,unexposed,2500,2500
1976,2,91,46,unexposed,750,750
1976,2,93,47,unexposed,200000,200000
1976,2,95,48,unexposed,1500,1500
1976,2,97,49,unexposed,1500,1500
1976,2,99,50,unexposed,60000,60000
1976,2,101,51,unexposed,20000,20000
1976,2,103,52,unexposed,80000,80000
1976,2,105,53,unexposed,1500,1500
1976,2,107,54,unexposed,NA,NA
1976,2,109,55,unexposed,700,700
1976,2,111,56,unexposed,2000,2000
1976,2,113,57,unexposed,200,200
1976,2,115,58,unexposed,200,200
1976,2,117,59,unexposed,85000,85000
1976,2,119,60,unexposed,200,200
1976,2,121,61,unexposed,1000,1000
1976,2,123,62,unexposed,NA,NA
1976,2,125,63,unexposed,22000,22000
1976,2,127,64,unexposed,100,100
1977,1,2,1,unexposed,8000,8000
1977,1,4,2,unexposed,4300,4300
1977,1,6,3,unexposed,40000,40000
1977,1,8,4,unexposed,15000,15000
1977,1,10,5,unexposed,14000,14000
1977,1,12,6,unexposed,6500,6500
1977,1,14,7,unexposed,8500,8500
1977,1,16,8,unexposed,600,600
1977,1,18,9,unexposed,9500,9500
1977,1,20,10,unexposed,30000,30000
1977,1,22,11,unexposed,5000,5000
1977,1,24,12,unexposed,500,500
1977,1,26,13,unexposed,1400,1400
1977,1,28,14,unexposed,NA,NA
1977,1,30,15,unexposed,3100,3100
1977,1,32,16,unexposed,18000,18000
1977,1,34,17,unexposed,13000,13000
1977,1,36,18,unexposed,200,200
1977,1,38,19,unexposed,16500,16500
1977,1,40,20,unexposed,7000,7000
1977,1,42,21,unexposed,3000,3000
1977,1,44,22,unexposed,1200,1200
1977,1,46,23,unexposed,20000,20000
1977,1,48,24,unexposed,NA,NA
1977,1,50,25,unexposed,1000,1000
1977,1,52,26,unexposed,6500,6500
1977,1,54,27,unexposed,5000,5000
1977,1,56,28,unexposed,6000,6000
1977,1,58,29,unexposed,400,400
1977,1,60,30,unexposed,750,750
1977,1,62,31,unexposed,1500,1500
1977,1,64,32,unexposed,30,30
1977,1,66,33,unexposed,600,600
1977,1,68,34,unexposed,500,500
1977,1,70,35,unexposed,2000,2000
1977,1,72,36,unexposed,2000,2000
1977,1,74,37,unexposed,250,250
1977,1,76,38,unexposed,800,800
1977,1,78,39,unexposed,NA,NA
1977,1,80,40,unexposed,NA,NA
1977,1,82,41,unexposed,10,10
1977,1,84,42,unexposed,50,50
1977,1,86,43,unexposed,40000,40000
1977,1,88,44,unexposed,100,100
1977,1,90,45,unexposed,500,500
1977,1,92,46,unexposed,500,500
1977,1,94,47,unexposed,110000,110000
1977,1,96,48,unexposed,NA,NA
1977,1,98,49,unexposed,NA,NA
1977,1,100,50,unexposed,100,100
1977,1,102,51,unexposed,2000,2000
1977,1,104,52,unexposed,3000,3000
1977,1,106,53,unexposed,500,500
1977,1,108,54,unexposed,100,100
1977,1,110,55,unexposed,400,400
1977,1,112,56,unexposed,50,50
1977,1,114,57,unexposed,400,400
1977,1,116,58,unexposed,NA,NA
1977,1,118,59,unexposed,40000,40000
1977,1,120,60,unexposed,50,50
1977,1,122,61,unexposed,1000,1000
1977,1,124,62,unexposed,NA,NA
1977,1,126,63,unexposed,20000,20000
1977,1,128,64,unexposed,100,100
1978,2,1,1,unexposed,1000,1000
1978,2,3,2,unexposed,5200,5200
1978,2,5,3,unexposed,55000,55000
1978,2,7,4,unexposed,600,600
1978,2,9,5,unexposed,6500,6500
1978,2,11,6,unexposed,1100,1100
1978,2,13,7,unexposed,400,400
1978,2,15,8,unexposed,30,30
1978,2,17,9,unexposed,400,400
1978,2,19,10,unexposed,18000,18000
1978,2,21,11,unexposed,1600,1600
1978,2,23,12,unexposed,600,600
1978,2,25,13,unexposed,1500,1500
1978,2,27,14,unexposed,NA,NA
1978,2,29,15,unexposed,1900,1900
1978,2,31,16,unexposed,8000,8000
1978,2,33,17,unexposed,3100,3100
1978,2,35,18,unexposed,750,750
1978,2,37,19,unexposed,19500,19500
1978,2,39,20,unexposed,5000,5000
1978,2,41,21,unexposed,4000,4000
1978,2,43,22,unexposed,1500,1500
1978,2,45,23,unexposed,10000,10000
1978,2,47,24,unexposed,NA,NA
1978,2,49,25,unexposed,150,150
1978,2,51,26,unexposed,3000,3000
1978,2,53,27,unexposed,500,500
1978,2,55,28,unexposed,4000,4000
1978,2,57,29,unexposed,NA,NA
1978,2,59,30,unexposed,1000,1000
1978,2,61,31,unexposed,5500,5500
1978,2,63,32,unexposed,NA,NA
1978,2,65,33,unexposed,200,200
1978,2,67,34,unexposed,3500,3500
1978,2,69,35,unexposed,2000,2000
1978,2,71,36,unexposed,1500,1500
1978,2,73,37,unexposed,750,750
1978,2,75,38,unexposed,15000,15000
1978,2,77,39,unexposed,25,25
1978,2,79,40,unexposed,75,75
1978,2,81,41,unexposed,25,25
1978,2,83,42,unexposed,5000,5000
1978,2,85,43,unexposed,40000,40000
1978,2,87,44,unexposed,NA,NA
1978,2,89,45,unexposed,500,500
1978,2,91,46,unexposed,200,200
1978,2,93,47,unexposed,90000,90000
1978,2,95,48,unexposed,10000,10000
1978,2,97,49,unexposed,4000,4000
1978,2,99,50,unexposed,3000,3000
1978,2,101,51,unexposed,500,500
1978,2,103,52,unexposed,25000,25000
1978,2,105,53,unexposed,1000,1000
1978,2,107,54,unexposed,6000,6000
1978,2,109,55,unexposed,150,150
1978,2,111,56,unexposed,1500,1500
1978,2,113,57,unexposed,NA,NA
1978,2,115,58,unexposed,1500,1500
1978,2,117,59,unexposed,40000,40000
1978,2,119,60,unexposed,NA,NA
1978,2,121,61,unexposed,15000,15000
1978,2,123,62,unexposed,800,800
1978,2,125,63,unexposed,18000,18000
1978,2,127,64,unexposed,1000,1000
1979,1,2,1,unexposed,5400,5400
1979,1,4,2,unexposed,3000,3000
1979,1,6,3,unexposed,75000,75000
1979,1,8,4,unexposed,9000,9000
1979,1,10,5,unexposed,8000,8000
1979,1,12,6,unexposed,300,300
1979,1,14,7,unexposed,12000,12000
1979,1,16,8,unexposed,6000,6000
1979,1,18,9,unexposed,25000,25000
1979,1,20,10,unexposed,25000,25000
1979,1,22,11,unexposed,50,50
1979,1,24,12,unexposed,250,250
1979,1,26,13,unexposed,8600,8600
1979,1,28,14,unexposed,NA,NA
1979,1,30,15,unexposed,450,450
1979,1,32,16,unexposed,7000,7000
1979,1,34,17,unexposed,3500,3500
1979,1,36,18,unexposed,250,250
1979,1,38,19,unexposed,10200,10200
1979,1,40,20,unexposed,6000,6000
1979,1,42,21,unexposed,5000,5000
1979,1,44,22,unexposed,1400,1400
1979,1,46,23,unexposed,5000,5000
1979,1,48,24,unexposed,150,150
1979,1,50,25,unexposed,650,650
1979,1,52,26,unexposed,9000,9000
1979,1,54,27,unexposed,25000,25000
1979,1,56,28,unexposed,35000,35000
1979,1,58,29,unexposed,400,400
1979,1,60,30,unexposed,3200,3200
1979,1,62,31,unexposed,7000,7000
1979,1,64,32,unexposed,NA,NA
1979,1,66,33,unexposed,3500,3500
1979,1,68,34,unexposed,100,100
1979,1,70,35,unexposed,4000,4000
1979,1,72,36,unexposed,8000,8000
1979,1,74,37,unexposed,1200,1200
1979,1,76,38,unexposed,3000,3000
1979,1,78,39,unexposed,25,25
1979,1,80,40,unexposed,2000,2000
1979,1,82,41,unexposed,2000,2000
1979,1,84,42,unexposed,1500,1500
1979,1,86,43,unexposed,80000,80000
1979,1,88,44,unexposed,NA,NA
1979,1,90,45,unexposed,NA,NA
1979,1,92,46,unexposed,200,200
1979,1,94,47,unexposed,70000,70000
1979,1,96,48,unexposed,200,200
1979,1,98,49,unexposed,100,100
1979,1,100,50,unexposed,4000,4000
1979,1,102,51,unexposed,1000,1000
1979,1,104,52,unexposed,12000,12000
1979,1,106,53,unexposed,500,500
1979,1,108,54,unexposed,550,550
1979,1,110,55,unexposed,400,400
1979,1,112,56,unexposed,NA,NA
1979,1,114,57,unexposed,NA,NA
1979,1,116,58,unexposed,3000,3000
1979,1,118,59,unexposed,25000,25000
1979,1,120,60,unexposed,50,50
1979,1,122,61,unexposed,1500,1500
1979,1,124,62,unexposed,300,300
1979,1,126,63,unexposed,30000,30000
1979,1,128,64,unexposed,250,250
1980,2,1,1,unexposed,600,600
1980,2,3,2,unexposed,8500,8500
1980,2,5,3,unexposed,9000,9000
1980,2,7,4,unexposed,810,810
1980,2,9,5,unexposed,6000,6000
1980,2,11,6,unexposed,NA,NA
1980,2,13,7,unexposed,800,800
1980,2,15,8,unexposed,40,40
1980,2,17,9,unexposed,1000,1000
1980,2,19,10,unexposed,14000,14000
1980,2,21,11,unexposed,125,125
1980,2,23,12,unexposed,525,525
1980,2,25,13,unexposed,125,125
1980,2,27,14,unexposed,NA,NA
1980,2,29,15,unexposed,2600,2600
1980,2,31,16,unexposed,3800,3800
1980,2,33,17,unexposed,3500,3500
1980,2,35,18,unexposed,500,500
1980,2,37,19,unexposed,9000,9000
1980,2,39,20,unexposed,5000,5000
1980,2,41,21,unexposed,1000,1000
1980,2,43,22,unexposed,1500,1500
1980,2,45,23,unexposed,8000,8000
1980,2,47,24,unexposed,NA,NA
1980,2,49,25,unexposed,200,200
1980,2,51,26,unexposed,2000,2000
1980,2,53,27,unexposed,2000,2000
1980,2,55,28,unexposed,3500,3500
1980,2,57,29,unexposed,NA,NA
1980,2,59,30,unexposed,1000,1000
1980,2,61,31,unexposed,3000,3000
1980,2,63,32,unexposed,NA,NA
1980,2,65,33,unexposed,1000,1000
1980,2,67,34,unexposed,15000,15000
1980,2,69,35,unexposed,2000,2000
1980,2,71,36,unexposed,1000,1000
1980,2,73,37,unexposed,2000,2000
1980,2,75,38,unexposed,5000,5000
1980,2,77,39,unexposed,25,25
1980,2,79,40,unexposed,NA,NA
1980,2,81,41,unexposed,2000,2000
1980,2,83,42,unexposed,1000,1000
1980,2,85,43,unexposed,35000,35000
1980,2,87,44,unexposed,500,500
1980,2,89,45,unexposed,6000,6000
1980,2,91,46,unexposed,NA,NA
1980,2,93,47,unexposed,30000,30000
1980,2,95,48,unexposed,5000,5000
1980,2,97,49,unexposed,7000,7000
1980,2,99,50,unexposed,40000,40000
1980,2,101,51,unexposed,5000,5000
1980,2,103,52,unexposed,25000,25000
1980,2,105,53,unexposed,750,750
1980,2,107,54,unexposed,7500,7500
1980,2,109,55,unexposed,750,750
1980,2,111,56,unexposed,2500,2500
1980,2,113,57,unexposed,800,800
1980,2,115,58,unexposed,1000,1000
1980,2,117,59,unexposed,25000,25000
1980,2,119,60,unexposed,300,300
1980,2,121,61,unexposed,4000,4000
1980,2,123,62,unexposed,8000,8000
1980,2,125,63,unexposed,2000,2000
1980,2,127,64,unexposed,500,500
1981,1,2,1,unexposed,1500,1500
1981,1,4,2,unexposed,9000,9000
1981,1,6,3,unexposed,6000,6000
1981,1,8,4,unexposed,1500,1500
1981,1,10,5,unexposed,6000,6000
1981,1,12,6,unexposed,1700,1700
1981,1,14,7,unexposed,2000,2000
1981,1,16,8,unexposed,1000,1000
1981,1,18,9,unexposed,8000,8000
1981,1,20,10,unexposed,20000,20000
1981,1,22,11,unexposed,1500,1500
1981,1,24,12,unexposed,550,550
1981,1,26,13,unexposed,2100,2100
1981,1,28,14,unexposed,NA,NA
1981,1,30,15,unexposed,1100,1100
1981,1,32,16,unexposed,600,600
1981,1,34,17,unexposed,2000,2000
1981,1,36,18,unexposed,2300,2300
1981,1,38,19,unexposed,3600,3600
1981,1,40,20,unexposed,6000,6000
1981,1,42,21,unexposed,1500,1500
1981,1,44,22,unexposed,NA,NA
1981,1,46,23,unexposed,30000,30000
1981,1,48,24,unexposed,NA,NA
1981,1,50,25,unexposed,2500,2500
1981,1,52,26,unexposed,11000,11000
1981,1,54,27,unexposed,15000,15000
1981,1,56,28,unexposed,31000,31000
1981,1,58,29,unexposed,1400,1400
1981,1,60,30,unexposed,4000,4000
1981,1,62,31,unexposed,4500,4500
1981,1,64,32,unexposed,350,350
1981,1,66,33,unexposed,3000,3000
1981,1,68,34,unexposed,100,100
1981,1,70,35,unexposed,5000,5000
1981,1,72,36,unexposed,13500,13500
1981,1,74,37,unexposed,2000,2000
1981,1,76,38,unexposed,5000,5000
1981,1,78,39,unexposed,NA,NA
1981,1,80,40,unexposed,1000,1000
1981,1,82,41,unexposed,4000,4000
1981,1,84,42,unexposed,8000,8000
1981,1,86,43,unexposed,100000,100000
1981,1,88,44,unexposed,2000,2000
1981,1,90,45,unexposed,2500,2500
1981,1,92,46,unexposed,1000,1000
1981,1,94,47,unexposed,100000,100000
1981,1,96,48,unexposed,200,200
1981,1,98,49,unexposed,600,600
1981,1,100,50,unexposed,1000,1000
1981,1,102,51,unexposed,4000,4000
1981,1,104,52,unexposed,50000,50000
1981,1,106,53,unexposed,1000,1000
1981,1,108,54,unexposed,750,750
1981,1,110,55,unexposed,450,450
1981,1,112,56,unexposed,NA,NA
1981,1,114,57,unexposed,300,300
1981,1,116,58,unexposed,500,500
1981,1,118,59,unexposed,30000,30000
1981,1,120,60,unexposed,25,25
1981,1,122,61,unexposed,2200,2200
1981,1,124,62,unexposed,1700,1700
1981,1,126,63,unexposed,65000,65000
1981,1,128,64,unexposed,25,25
1982,2,1,1,unexposed,2000,2000
1982,2,3,2,unexposed,4100,4100
1982,2,5,3,unexposed,6700,6700
1982,2,7,4,unexposed,1000,1000
1982,2,9,5,unexposed,4000,4000
1982,2,11,6,unexposed,50,50
1982,2,13,7,unexposed,5700,5700
1982,2,15,8,unexposed,125,125
1982,2,17,9,unexposed,1200,1200
1982,2,19,10,unexposed,32000,32000
1982,2,21,11,unexposed,225,225
1982,2,23,12,unexposed,1500,1500
1982,2,25,13,unexposed,NA,NA
1982,2,27,14,unexposed,NA,NA
1982,2,29,15,unexposed,1050,1050
1982,2,31,16,unexposed,9500,9500
1982,2,33,17,unexposed,1600,1600
1982,2,35,18,unexposed,300,300
1982,2,37,19,unexposed,13650,13650
1982,2,39,20,unexposed,300,300
1982,2,41,21,unexposed,1000,1000
1982,2,43,22,unexposed,200,200
1982,2,45,23,unexposed,2500,2500
1982,2,47,24,unexposed,NA,NA
1982,2,49,25,unexposed,300,300
1982,2,51,26,unexposed,750,750
1982,2,53,27,unexposed,500,500
1982,2,55,28,unexposed,400,400
1982,2,57,29,unexposed,25,25
1982,2,59,30,unexposed,650,650
1982,2,61,31,unexposed,820,820
1982,2,63,32,unexposed,NA,NA
1982,2,65,33,unexposed,300,300
1982,2,67,34,unexposed,5000,5000
1982,2,69,35,unexposed,NA,NA
1982,2,71,36,unexposed,500,500
1982,2,73,37,unexposed,200,200
1982,2,75,38,unexposed,4000,4000
1982,2,77,39,unexposed,25,25
1982,2,79,40,unexposed,50,50
1982,2,81,41,unexposed,500,500
1982,2,83,42,unexposed,2000,2000
1982,2,85,43,unexposed,NA,NA
1982,2,87,44,unexposed,NA,NA
1982,2,89,45,unexposed,350,350
1982,2,91,46,unexposed,100,100
1982,2,93,47,unexposed,25000,25000
1982,2,95,48,unexposed,3000,3000
1982,2,97,49,unexposed,750,750
1982,2,99,50,unexposed,10000,10000
1982,2,101,51,unexposed,3000,3000
1982,2,103,52,unexposed,8000,8000
1982,2,105,53,unexposed,250,250
1982,2,107,54,unexposed,850,850
1982,2,109,55,unexposed,NA,NA
1982,2,111,56,unexposed,NA,NA
1982,2,113,57,unexposed,50,50
1982,2,115,58,unexposed,50,50
1982,2,117,59,unexposed,70000,70000
1982,2,119,60,unexposed,150,150
1982,2,121,61,unexposed,1900,1900
1982,2,123,62,unexposed,1600,1600
1982,2,125,63,unexposed,9000,9000
1982,2,127,64,unexposed,25,25
1983,1,2,1,unexposed,NA,NA
1983,1,4,2,unexposed,9000,9000
1983,1,6,3,unexposed,8600,8600
1983,1,8,4,unexposed,2180,2180
1983,1,10,5,unexposed,8500,8500
1983,1,12,6,unexposed,156,156
1983,1,14,7,unexposed,8000,8000
1983,1,16,8,unexposed,1500,1500
1983,1,18,9,unexposed,21000,21000
1983,1,20,10,unexposed,20000,20000
1983,1,22,11,unexposed,450,450
1983,1,24,12,unexposed,220,220
1983,1,26,13,unexposed,500,500
1983,1,28,14,unexposed,NA,NA
1983,1,30,15,unexposed,1570,1570
1983,1,32,16,unexposed,6000,6000
1983,1,34,17,unexposed,5000,5000
1983,1,36,18,unexposed,147,147
1983,1,38,19,unexposed,9510,9510
1983,1,40,20,unexposed,1500,1500
1983,1,42,21,unexposed,500,500
1983,1,44,22,unexposed,2200,2200
1983,1,46,23,unexposed,2000,2000
1983,1,48,24,unexposed,NA,NA
1983,1,50,25,unexposed,1200,1200
1983,1,52,26,unexposed,6500,6500
1983,1,54,27,unexposed,7000,7000
1983,1,56,28,unexposed,15000,15000
1983,1,58,29,unexposed,NA,NA
1983,1,60,30,unexposed,8000,8000
1983,1,62,31,unexposed,600,600
1983,1,64,32,unexposed,50,50
1983,1,66,33,unexposed,1500,1500
1983,1,68,34,unexposed,1000,1000
1983,1,70,35,unexposed,5000,5000
1983,1,72,36,unexposed,4000,4000
1983,1,74,37,unexposed,700,700
1983,1,76,38,unexposed,4000,4000
1983,1,78,39,unexposed,200,200
1983,1,80,40,unexposed,1000,1000
1983,1,82,41,unexposed,2500,2500
1983,1,84,42,unexposed,8000,8000
1983,1,86,43,unexposed,200000,200000
1983,1,88,44,unexposed,4000,4000
1983,1,90,45,unexposed,2000,2000
1983,1,92,46,unexposed,1500,1500
1983,1,94,47,unexposed,40000,40000
1983,1,96,48,unexposed,1200,1200
1983,1,98,49,unexposed,NA,NA
1983,1,100,50,unexposed,1075,1075
1983,1,102,51,unexposed,20000,20000
1983,1,104,52,unexposed,18000,18000
1983,1,106,53,unexposed,750,750
1983,1,108,54,unexposed,1500,1500
1983,1,110,55,unexposed,900,900
1983,1,112,56,unexposed,50,50
1983,1,114,57,unexposed,450,450
1983,1,116,58,unexposed,1400,1400
1983,1,118,59,unexposed,70000,70000
1983,1,120,60,unexposed,250,250
1983,1,122,61,unexposed,6500,6500
1983,1,124,62,unexposed,2100,2100
1983,1,126,63,unexposed,45000,45000
1983,1,128,64,unexposed,100,100
1984,2,1,1,unexposed,700,700
1984,2,3,2,unexposed,7300,7300
1984,2,5,3,unexposed,36000,36000
1984,2,7,4,unexposed,NA,NA
1984,2,9,5,unexposed,5250,5250
1984,2,11,6,unexposed,60,60
1984,2,13,7,unexposed,600,600
1984,2,15,8,unexposed,50,50
1984,2,17,9,unexposed,400,400
1984,2,19,10,unexposed,12000,12000
1984,2,21,11,unexposed,50,50
1984,2,23,12,unexposed,150,150
1984,2,25,13,unexposed,5,5
1984,2,27,14,unexposed,NA,NA
1984,2,29,15,unexposed,4000,4000
1984,2,31,16,unexposed,13000,13000
1984,2,33,17,unexposed,5000,5000
1984,2,35,18,unexposed,NA,NA
1984,2,37,19,unexposed,11000,11000
1984,2,39,20,unexposed,NA,NA
1984,2,41,21,unexposed,200,200
1984,2,43,22,unexposed,400,400
1984,2,45,23,unexposed,750,750
1984,2,47,24,unexposed,10,10
1984,2,49,25,unexposed,250,250
1984,2,51,26,unexposed,7500,7500
1984,2,53,27,unexposed,3500,3500
1984,2,55,28,unexposed,7500,7500
1984,2,57,29,unexposed,800,800
1984,2,59,30,unexposed,2000,2000
1984,2,61,31,unexposed,2200,2200
1984,2,63,32,unexposed,50,50
1984,2,65,33,unexposed,7000,7000
1984,2,67,34,unexposed,60000,60000
1984,2,69,35,unexposed,8000,8000
1984,2,71,36,unexposed,7000,7000
1984,2,73,37,unexposed,3000,3000
1984,2,75,38,unexposed,27500,27500
1984,2,77,39,unexposed,600,600
1984,2,79,40,unexposed,500,500
1984,2,81,41,unexposed,1000,1000
1984,2,83,42,unexposed,20000,20000
1984,2,85,43,unexposed,30000,30000
1984,2,87,44,unexposed,350,350
1984,2,89,45,unexposed,2000,2000
1984,2,91,46,unexposed,100,100
1984,2,93,47,unexposed,125000,125000
1984,2,95,48,unexposed,950,950
1984,2,97,49,unexposed,2000,2000
1984,2,99,50,unexposed,73000,73000
1984,2,101,51,unexposed,2000,2000
1984,2,103,52,unexposed,9000,9000
1984,2,105,53,unexposed,500,500
1984,2,107,54,unexposed,2650,2650
1984,2,109,55,unexposed,NA,NA
1984,2,111,56,unexposed,10,10
1984,2,113,57,unexposed,900,900
1984,2,115,58,unexposed,150,150
1984,2,117,59,unexposed,45000,45000
1984,2,119,60,unexposed,10,10
1984,2,121,61,unexposed,750,750
1984,2,123,62,unexposed,900,900
1984,2,125,63,unexposed,3500,3500
1984,2,127,64,unexposed,10,10
1985,1,2,1,unexposed,3175,3175
1985,1,4,2,unexposed,4300,4300
1985,1,6,3,unexposed,8700,8700
1985,1,8,4,unexposed,300,300
1985,1,10,5,unexposed,15000,15000
1985,1,12,6,unexposed,127,127
1985,1,14,7,unexposed,7600,7600
1985,1,16,8,unexposed,3500,3500
1985,1,18,9,unexposed,15000,15000
1985,1,20,10,unexposed,13600,13600
1985,1,22,11,unexposed,NA,NA
1985,1,24,12,unexposed,120,120
1985,1,26,13,unexposed,650,650
1985,1,28,14,unexposed,70,70
1985,1,30,15,unexposed,1320,1320
1985,1,32,16,unexposed,4800,4800
1985,1,34,17,unexposed,1400,1400
1985,1,36,18,unexposed,2600,2600
1985,1,38,19,unexposed,5855,5855
1985,1,40,20,unexposed,600,600
1985,1,42,21,unexposed,50,50
1985,1,44,22,unexposed,1000,1000
1985,1,46,23,unexposed,800,800
1985,1,48,24,unexposed,250,250
1985,1,50,25,unexposed,1300,1300
1985,1,52,26,unexposed,10200,10200
1985,1,54,27,unexposed,30000,30000
1985,1,56,28,unexposed,40000,40000
1985,1,58,29,unexposed,100,100
1985,1,60,30,unexposed,9300,9300
1985,1,62,31,unexposed,2000,2000
1985,1,64,32,unexposed,100,100
1985,1,66,33,unexposed,3000,3000
1985,1,68,34,unexposed,5000,5000
1985,1,70,35,unexposed,17000,17000
1985,1,72,36,unexposed,15000,15000
1985,1,74,37,unexposed,4500,4500
1985,1,76,38,unexposed,110000,110000
1985,1,78,39,unexposed,20,20
1985,1,80,40,unexposed,1000,1000
1985,1,82,41,unexposed,4000,4000
1985,1,84,42,unexposed,25000,25000
1985,1,86,43,unexposed,110000,110000
1985,1,88,44,unexposed,2500,2500
1985,1,90,45,unexposed,500,500
1985,1,92,46,unexposed,200,200
1985,1,94,47,unexposed,100000,100000
1985,1,96,48,unexposed,6500,6500
1985,1,98,49,unexposed,8000,8000
1985,1,100,50,unexposed,3350,3350
1985,1,102,51,unexposed,50000,50000
1985,1,104,52,unexposed,50000,50000
1985,1,106,53,unexposed,NA,NA
1985,1,108,54,unexposed,2500,2500
1985,1,110,55,unexposed,4000,4000
1985,1,112,56,unexposed,300,300
1985,1,114,57,unexposed,1400,1400
1985,1,116,58,unexposed,300,300
1985,1,118,59,unexposed,140000,140000
1985,1,120,60,unexposed,2400,2400
1985,1,122,61,unexposed,5000,5000
1985,1,124,62,unexposed,1600,1600
1985,1,126,63,unexposed,35000,35000
1985,1,128,64,unexposed,600,600
1986,2,1,1,unexposed,550,550
1986,2,3,2,unexposed,3170,3170
1986,2,5,3,unexposed,12000,12000
1986,2,7,4,unexposed,NA,NA
1986,2,9,5,unexposed,10000,10000
1986,2,11,6,unexposed,1515,1515
1986,2,13,7,unexposed,5500,5500
1986,2,15,8,unexposed,250,250
1986,2,17,9,unexposed,850,850
1986,2,19,10,unexposed,50000,50000
1986,2,21,11,unexposed,60,60
1986,2,23,12,unexposed,650,650
1986,2,25,13,unexposed,311,311
1986,2,27,14,unexposed,50,50
1986,2,29,15,unexposed,3600,3600
1986,2,31,16,unexposed,2000,2000
1986,2,33,17,unexposed,550,550
1986,2,35,18,unexposed,1500,1500
1986,2,37,19,unexposed,7164,7164
1986,2,39,20,unexposed,NA,NA
1986,2,41,21,unexposed,80,80
1986,2,43,22,unexposed,875,875
1986,2,45,23,unexposed,500,500
1986,2,47,24,unexposed,50,50
1986,2,49,25,unexposed,250,250
1986,2,51,26,unexposed,4200,4200
1986,2,53,27,unexposed,20000,20000
1986,2,55,28,unexposed,2000,2000
1986,2,57,29,unexposed,650,650
1986,2,59,30,unexposed,800,800
1986,2,61,31,unexposed,4300,4300
1986,2,63,32,unexposed,25,25
1986,2,65,33,unexposed,680,680
1986,2,67,34,unexposed,75000,75000
1986,2,69,35,unexposed,5000,5000
1986,2,71,36,unexposed,13000,13000
1986,2,73,37,unexposed,470,470
1986,2,75,38,unexposed,17500,17500
1986,2,77,39,unexposed,675,675
1986,2,79,40,unexposed,NA,NA
1986,2,81,41,unexposed,600,600
1986,2,83,42,unexposed,12500,12500
1986,2,85,43,unexposed,100000,100000
1986,2,87,44,unexposed,800,800
1986,2,89,45,unexposed,1500,1500
1986,2,91,46,unexposed,10,10
1986,2,93,47,unexposed,110000,110000
1986,2,95,48,unexposed,2300,2300
1986,2,97,49,unexposed,2200,2200
1986,2,99,50,unexposed,141500,141500
1986,2,101,51,unexposed,15000,15000
1986,2,103,52,unexposed,25000,25000
1986,2,105,53,unexposed,NA,NA
1986,2,107,54,unexposed,2700,2700
1986,2,109,55,unexposed,12000,12000
1986,2,111,56,unexposed,NA,NA
1986,2,113,57,unexposed,1500,1500
1986,2,115,58,unexposed,NA,NA
1986,2,117,59,unexposed,83000,83000
1986,2,119,60,unexposed,450,450
1986,2,121,61,unexposed,1900,1900
1986,2,123,62,unexposed,750,750
1986,2,125,63,unexposed,26500,26500
1986,2,127,64,unexposed,70,70
1987,1,2,1,unexposed,800,800
1987,1,4,2,unexposed,1250,1250
1987,1,6,3,unexposed,3500,3500
1987,1,8,4,unexposed,450,450
1987,1,10,5,unexposed,2293,2293
1987,1,12,6,unexposed,32,32
1987,1,14,7,unexposed,5500,5500
1987,1,16,8,unexposed,2325,2325
1987,1,18,9,unexposed,4600,4600
1987,1,20,10,unexposed,5200,5200
1987,1,22,11,unexposed,NA,NA
1987,1,24,12,unexposed,33,33
1987,1,26,13,unexposed,50,50
1987,1,28,14,unexposed,3,3
1987,1,30,15,unexposed,85,85
1987,1,32,16,unexposed,890,890
1987,1,34,17,unexposed,1000,1000
1987,1,36,18,unexposed,75,75
1987,1,38,19,unexposed,690,690
1987,1,40,20,unexposed,NA,NA
1987,1,42,21,unexposed,NA,NA
1987,1,44,22,unexposed,20,20
1987,1,46,23,unexposed,50,50
1987,1,48,24,unexposed,NA,NA
1987,1,50,25,unexposed,500,500
1987,1,52,26,unexposed,275,275
1987,1,54,27,unexposed,900,900
1987,1,56,28,unexposed,3000,3000
1987,1,58,29,unexposed,NA,NA
1987,1,60,30,unexposed,250,250
1987,1,62,31,unexposed,300,300
1987,1,64,32,unexposed,NA,NA
1987,1,66,33,unexposed,600,600
1987,1,68,34,unexposed,175,175
1987,1,70,35,unexposed,1000,1000
1987,1,72,36,unexposed,1830,1830
1987,1,74,37,unexposed,130,130
1987,1,76,38,unexposed,1650,1650
1987,1,78,39,unexposed,6,6
1987,1,80,40,unexposed,NA,NA
1987,1,82,41,unexposed,500,500
1987,1,84,42,unexposed,350,350
1987,1,86,43,unexposed,15000,15000
1987,1,88,44,unexposed,20,20
1987,1,90,45,unexposed,NA,NA
1987,1,92,46,unexposed,NA,NA
1987,1,94,47,unexposed,6500,6500
1987,1,96,48,unexposed,1000,1000
1987,1,98,49,unexposed,750,750
1987,1,100,50,unexposed,1950,1950
1987,1,102,51,unexposed,25000,25000
1987,1,104,52,unexposed,30000,30000
1987,1,106,53,unexposed,NA,NA
1987,1,108,54,unexposed,1000,1000
1987,1,110,55,unexposed,200,200
1987,1,112,56,unexposed,300,300
1987,1,114,57,unexposed,22,22
1987,1,116,58,unexposed,300,300
1987,1,118,59,unexposed,1000,1000
1987,1,120,60,unexposed,400,400
1987,1,122,61,unexposed,2700,2700
1987,1,124,62,unexposed,550,550
1987,1,126,63,unexposed,18000,18000
1987,1,128,64,unexposed,30,30
1988,2,1,1,unexposed,25,25
1988,2,3,2,unexposed,2500,2500
1988,2,5,3,unexposed,17000,17000
1988,2,7,4,unexposed,100,100
1988,2,9,5,unexposed,7000,7000
1988,2,11,6,unexposed,500,500
1988,2,13,7,unexposed,9000,9000
1988,2,15,8,unexposed,200,200
1988,2,17,9,unexposed,1000,1000
1988,2,19,10,unexposed,37000,37000
1988,2,21,11,unexposed,100,100
1988,2,23,12,unexposed,1250,1250
1988,2,25,13,unexposed,100,100
1988,2,27,14,unexposed,25,25
1988,2,29,15,unexposed,1300,1300
1988,2,31,16,unexposed,5000,5000
1988,2,33,17,unexposed,1500,1500
1988,2,35,18,unexposed,100,100
1988,2,37,19,unexposed,8000,8000
1988,2,39,20,unexposed,NA,NA
1988,2,41,21,unexposed,5000,5000
1988,2,43,22,unexposed,1200,1200
1988,2,45,23,unexposed,10000,10000
1988,2,47,24,unexposed,500,500
1988,2,49,25,unexposed,1500,1500
1988,2,51,26,unexposed,6500,6500
1988,2,53,27,unexposed,13000,13000
1988,2,55,28,unexposed,12000,12000
1988,2,57,29,unexposed,250,250
1988,2,59,30,unexposed,2000,2000
1988,2,61,31,unexposed,6000,6000
1988,2,63,32,unexposed,150,150
1988,2,65,33,unexposed,13000,13000
1988,2,67,34,unexposed,3000000,3000000
1988,2,69,35,unexposed,150000,150000
1988,2,71,36,unexposed,45000,45000
1988,2,73,37,unexposed,8000,8000
1988,2,75,38,unexposed,100000,100000
1988,2,77,39,unexposed,60,60
1988,2,79,40,unexposed,NA,NA
1988,2,81,41,unexposed,3000,3000
1988,2,83,42,unexposed,10000,10000
1988,2,85,43,unexposed,70000,70000
1988,2,87,44,unexposed,5000,5000
1988,2,89,45,unexposed,300,300
1988,2,91,46,unexposed,60,60
1988,2,93,47,unexposed,20000,20000
1988,2,95,48,unexposed,3000,3000
1988,2,97,49,unexposed,6000,6000
1988,2,99,50,unexposed,45000,45000
1988,2,101,51,unexposed,42500,42500
1988,2,103,52,unexposed,60000,60000
1988,2,105,53,unexposed,NA,NA
1988,2,107,54,unexposed,2500,2500
1988,2,109,55,unexposed,6000,6000
1988,2,111,56,unexposed,NA,NA
1988,2,113,57,unexposed,2000,2000
1988,2,115,58,unexposed,NA,NA
1988,2,117,59,unexposed,70000,70000
1988,2,119,60,unexposed,36,36
1988,2,121,61,unexposed,800,800
1988,2,123,62,unexposed,250,250
1988,2,125,63,unexposed,18000,18000
1988,2,127,64,unexposed,10,10
1989,1,2,1,unexposed,5,5
1989,1,4,2,unexposed,220,220
1989,1,6,3,unexposed,2000,2000
1989,1,8,4,unexposed,5,5
1989,1,10,5,unexposed,2000,2000
1989,1,12,6,unexposed,100,100
1989,1,14,7,unexposed,12000,12000
1989,1,16,8,unexposed,1500,1500
1989,1,18,9,unexposed,55000,55000
1989,1,20,10,unexposed,21000,21000
1989,1,22,11,unexposed,25,25
1989,1,24,12,unexposed,100,100
1989,1,26,13,unexposed,NA,NA
1989,1,28,14,unexposed,10,10
1989,1,30,15,unexposed,300,300
1989,1,32,16,unexposed,3500,3500
1989,1,34,17,unexposed,550,550
1989,1,36,18,unexposed,100,100
1989,1,38,19,unexposed,4000,4000
1989,1,40,20,unexposed,20,20
1989,1,42,21,unexposed,100,100
1989,1,44,22,unexposed,1300,1300
1989,1,46,23,unexposed,350,350
1989,1,48,24,unexposed,20,20
1989,1,50,25,unexposed,600,600
1989,1,52,26,unexposed,2000,2000
1989,1,54,27,unexposed,11000,11000
1989,1,56,28,unexposed,10000,10000
1989,1,58,29,unexposed,NA,NA
1989,1,60,30,unexposed,500,500
1989,1,62,31,unexposed,500,500
1989,1,64,32,unexposed,4,4
1989,1,66,33,unexposed,100,100
1989,1,68,34,unexposed,200,200
1989,1,70,35,unexposed,4000,4000
1989,1,72,36,unexposed,4500,4500
1989,1,74,37,unexposed,650,650
1989,1,76,38,unexposed,10000,10000
1989,1,78,39,unexposed,NA,NA
1989,1,80,40,unexposed,NA,NA
1989,1,82,41,unexposed,60,60
1989,1,84,42,unexposed,125,125
1989,1,86,43,unexposed,25000,25000
1989,1,88,44,unexposed,2500,2500
1989,1,90,45,unexposed,4000,4000
1989,1,92,46,unexposed,NA,NA
1989,1,94,47,unexposed,43000,43000
1989,1,96,48,unexposed,400,400
1989,1,98,49,unexposed,600,600
1989,1,100,50,unexposed,394,394
1989,1,102,51,unexposed,2500,2500
1989,1,104,52,unexposed,8200,8200
1989,1,106,53,unexposed,NA,NA
1989,1,108,54,unexposed,3000,3000
1989,1,110,55,unexposed,1800,1800
1989,1,112,56,unexposed,NA,NA
1989,1,114,57,unexposed,600,600
1989,1,116,58,unexposed,NA,NA
1989,1,118,59,unexposed,7000,7000
1989,1,120,60,unexposed,140,140
1989,1,122,61,unexposed,550,550
1989,1,124,62,unexposed,150,150
1989,1,126,63,unexposed,25000,25000
1989,1,128,64,unexposed,6,6
1990,2,1,1,unexposed,130,130
1990,2,3,2,unexposed,1000,1000
1990,2,5,3,unexposed,22000,22000
1990,2,7,4,unexposed,3200,3200
1990,2,9,5,unexposed,4600,4600
1990,2,11,6,unexposed,500,500
1990,2,13,7,unexposed,4600,4600
1990,2,15,8,unexposed,625,625
1990,2,17,9,unexposed,2500,2500
1990,2,19,10,unexposed,35000,35000
1990,2,21,11,unexposed,22,22
1990,2,23,12,unexposed,1000,1000
1990,2,25,13,unexposed,100,100
1990,2,27,14,unexposed,1500,1500
1990,2,29,15,unexposed,1400,1400
1990,2,31,16,unexposed,18500,18500
1990,2,33,17,unexposed,10000,10000
1990,2,35,18,unexposed,2500,2500
1990,2,37,19,unexposed,9800,9800
1990,2,39,20,unexposed,NA,NA
1990,2,41,21,unexposed,1200,1200
1990,2,43,22,unexposed,185,185
1990,2,45,23,unexposed,2000,2000
1990,2,47,24,unexposed,300,300
1990,2,49,25,unexposed,2000,2000
1990,2,51,26,unexposed,3200,3200
1990,2,53,27,unexposed,10000,10000
1990,2,55,28,unexposed,1500,1500
1990,2,57,29,unexposed,NA,NA
1990,2,59,30,unexposed,250,250
1990,2,61,31,unexposed,2500,2500
1990,2,63,32,unexposed,150,150
1990,2,65,33,unexposed,900,900
1990,2,67,34,unexposed,612000,612000
1990,2,69,35,unexposed,25000,25000
1990,2,71,36,unexposed,8000,8000
1990,2,73,37,unexposed,1200,1200
1990,2,75,38,unexposed,40000,40000
1990,2,77,39,unexposed,NA,NA
1990,2,79,40,unexposed,NA,NA
1990,2,81,41,unexposed,3100,3100
1990,2,83,42,unexposed,11000,11000
1990,2,85,43,unexposed,91000,91000
1990,2,87,44,unexposed,6000,6000
1990,2,89,45,unexposed,2300,2300
1990,2,91,46,unexposed,1000,1000
1990,2,93,47,unexposed,120000,120000
1990,2,95,48,unexposed,1500,1500
1990,2,97,49,unexposed,1600,1600
1990,2,99,50,unexposed,26000,26000
1990,2,101,51,unexposed,7000,7000
1990,2,103,52,unexposed,100000,100000
1990,2,105,53,unexposed,NA,NA
1990,2,107,54,unexposed,5500,5500
1990,2,109,55,unexposed,9600,9600
1990,2,111,56,unexposed,NA,NA
1990,2,113,57,unexposed,2250,2250
1990,2,115,58,unexposed,4300,4300
1990,2,117,59,unexposed,90000,90000
1990,2,119,60,unexposed,350,350
1990,2,121,61,unexposed,4200,4200
1990,2,123,62,unexposed,225,225
1990,2,125,63,unexposed,40000,40000
1990,2,127,64,unexposed,65,65
1991,1,2,1,unexposed,NA,NA
1991,1,4,2,unexposed,NA,NA
1991,1,6,3,unexposed,2900,2900
1991,1,8,4,unexposed,2,2
1991,1,10,5,unexposed,1200,1200
1991,1,12,6,unexposed,30,30
1991,1,14,7,unexposed,3000,3000
1991,1,16,8,unexposed,500,500
1991,1,18,9,unexposed,2170,2170
1991,1,20,10,unexposed,9700,9700
1991,1,22,11,unexposed,11,11
1991,1,24,12,unexposed,34,34
1991,1,26,13,unexposed,2,2
1991,1,28,14,unexposed,11,11
1991,1,30,15,unexposed,NA,NA
1991,1,32,16,unexposed,1280,1280
1991,1,34,17,unexposed,1681,1681
1991,1,36,18,unexposed,100,100
1991,1,38,19,unexposed,11640,11640
1991,1,40,20,unexposed,NA,NA
1991,1,42,21,unexposed,150,150
1991,1,44,22,unexposed,150,150
1991,1,46,23,unexposed,2000,2000
1991,1,48,24,unexposed,10,10
1991,1,50,25,unexposed,250,250
1991,1,52,26,unexposed,525,525
1991,1,54,27,unexposed,5500,5500
1991,1,56,28,unexposed,4000,4000
1991,1,58,29,unexposed,NA,NA
1991,1,60,30,unexposed,300,300
1991,1,62,31,unexposed,300,300
1991,1,64,32,unexposed,10,10
1991,1,66,33,unexposed,100,100
1991,1,68,34,unexposed,1000,1000
1991,1,70,35,unexposed,1500,1500
1991,1,72,36,unexposed,2800,2800
1991,1,74,37,unexposed,350,350
1991,1,76,38,unexposed,3000,3000
1991,1,78,39,unexposed,NA,NA
1991,1,80,40,unexposed,NA,NA
1991,1,82,41,unexposed,NA,NA
1991,1,84,42,unexposed,200,200
1991,1,86,43,unexposed,17000,17000
1991,1,88,44,unexposed,50,50
1991,1,90,45,unexposed,125,125
1991,1,92,46,unexposed,NA,NA
1991,1,94,47,unexposed,110000,110000
1991,1,96,48,unexposed,50,50
1991,1,98,49,unexposed,110,110
1991,1,100,50,unexposed,105,105
1991,1,102,51,unexposed,800,800
1991,1,104,52,unexposed,2950,2950
1991,1,106,53,unexposed,NA,NA
1991,1,108,54,unexposed,270,270
1991,1,110,55,unexposed,150,150
1991,1,112,56,unexposed,NA,NA
1991,1,114,57,unexposed,NA,NA
1991,1,116,58,unexposed,NA,NA
1991,1,118,59,unexposed,500,500
1991,1,120,60,unexposed,7,7
1991,1,122,61,unexposed,30,30
1991,1,124,62,unexposed,14,14
1991,1,126,63,unexposed,15000,15000
1991,1,128,64,unexposed,NA,NA
1992,2,1,1,unexposed,250,250
1992,2,3,2,unexposed,NA,NA
1992,2,5,3,unexposed,33550,33550
1992,2,7,4,unexposed,1100,1100
1992,2,9,5,unexposed,3250,3250
1992,2,11,6,unexposed,400,400
1992,2,13,7,unexposed,1600,1600
1992,2,15,8,unexposed,NA,NA
1992,2,17,9,unexposed,25,25
1992,2,19,10,unexposed,16400,16400
1992,2,21,11,unexposed,300,300
1992,2,23,12,unexposed,200,200
1992,2,25,13,unexposed,20,20
1992,2,27,14,unexposed,30,30
1992,2,29,15,unexposed,200,200
1992,2,31,16,unexposed,9800,9800
1992,2,33,17,unexposed,2000,2000
1992,2,35,18,unexposed,NA,NA
1992,2,37,19,unexposed,23200,23200
1992,2,39,20,unexposed,NA,NA
1992,2,41,21,unexposed,2500,2500
1992,2,43,22,unexposed,500,500
1992,2,45,23,unexposed,16000,16000
1992,2,47,24,unexposed,1000,1000
1992,2,49,25,unexposed,750,750
1992,2,51,26,unexposed,1200,1200
1992,2,53,27,unexposed,1000,1000
1992,2,55,28,unexposed,1500,1500
1992,2,57,29,unexposed,NA,NA
1992,2,59,30,unexposed,500,500
1992,2,61,31,unexposed,900,900
1992,2,63,32,unexposed,50,50
1992,2,65,33,unexposed,7000,7000
1992,2,67,34,unexposed,1200000,1200000
1992,2,69,35,unexposed,100000,100000
1992,2,71,36,unexposed,20000,20000
1992,2,73,37,unexposed,2500,2500
1992,2,75,38,unexposed,80000,80000
1992,2,77,39,unexposed,70,70
1992,2,79,40,unexposed,NA,NA
1992,2,81,41,unexposed,900,900
1992,2,83,42,unexposed,7500,7500
1992,2,85,43,unexposed,25000,25000
1992,2,87,44,unexposed,2500,2500
1992,2,89,45,unexposed,700,700
1992,2,91,46,unexposed,NA,NA
1992,2,93,47,unexposed,25000,25000
1992,2,95,48,unexposed,125,125
1992,2,97,49,unexposed,3000,3000
1992,2,99,50,unexposed,27000,27000
1992,2,101,51,unexposed,48000,48000
1992,2,103,52,unexposed,75000,75000
1992,2,105,53,unexposed,NA,NA
1992,2,107,54,unexposed,2500,2500
1992,2,109,55,unexposed,NA,NA
1992,2,111,56,unexposed,NA,NA
1992,2,113,57,unexposed,NA,NA
1992,2,115,58,unexposed,50,50
1992,2,117,59,unexposed,2500,2500
1992,2,119,60,unexposed,50,50
1992,2,121,61,unexposed,150,150
1992,2,123,62,unexposed,10,10
1992,2,125,63,unexposed,2000,2000
1992,2,127,64,unexposed,100,100
1993,1,2,1,unexposed,NA,NA
1993,1,4,2,unexposed,1,1
1993,1,6,3,unexposed,2825,2825
1993,1,8,4,unexposed,NA,NA
1993,1,10,5,unexposed,2125,2125
1993,1,12,6,unexposed,250,250
1993,1,14,7,unexposed,5300,5300
1993,1,16,8,unexposed,430,430
1993,1,18,9,unexposed,2300,2300
1993,1,20,10,unexposed,15500,15500
1993,1,22,11,unexposed,250,250
1993,1,24,12,unexposed,90,90
1993,1,26,13,unexposed,200,200
1993,1,28,14,unexposed,100,100
1993,1,30,15,unexposed,NA,NA
1993,1,32,16,unexposed,10500,10500
1993,1,34,17,unexposed,NA,NA
1993,1,36,18,unexposed,NA,NA
1993,1,38,19,unexposed,14600,14600
1993,1,40,20,unexposed,NA,NA
1993,1,42,21,unexposed,35,35
1993,1,44,22,unexposed,500,500
1993,1,46,23,unexposed,1000,1000
1993,1,48,24,unexposed,300,300
1993,1,50,25,unexposed,700,700
1993,1,52,26,unexposed,1800,1800
1993,1,54,27,unexposed,15000,15000
1993,1,56,28,unexposed,10500,10500
1993,1,58,29,unexposed,60,60
1993,1,60,30,unexposed,1500,1500
1993,1,62,31,unexposed,700,700
1993,1,64,32,unexposed,120,120
1993,1,66,33,unexposed,2100,2100
1993,1,68,34,unexposed,1000,1000
1993,1,70,35,unexposed,1500,1500
1993,1,72,36,unexposed,2000,2000
1993,1,74,37,unexposed,1000,1000
1993,1,76,38,unexposed,2600,2600
1993,1,78,39,unexposed,NA,NA
1993,1,80,40,unexposed,NA,NA
1993,1,82,41,unexposed,NA,NA
1993,1,84,42,unexposed,48,48
1993,1,86,43,unexposed,10000,10000
1993,1,88,44,unexposed,2000,2000
1993,1,90,45,unexposed,100,100
1993,1,92,46,unexposed,NA,NA
1993,1,94,47,unexposed,20000,20000
1993,1,96,48,unexposed,150,150
1993,1,98,49,unexposed,400,400
1993,1,100,50,unexposed,500,500
1993,1,102,51,unexposed,3000,3000
1993,1,104,52,unexposed,4000,4000
1993,1,106,53,unexposed,NA,NA
1993,1,108,54,unexposed,800,800
1993,1,110,55,unexposed,500,500
1993,1,112,56,unexposed,NA,NA
1993,1,114,57,unexposed,250,250
1993,1,116,58,unexposed,50,50
1993,1,118,59,unexposed,3000,3000
1993,1,120,60,unexposed,NA,NA
1993,1,122,61,unexposed,300,300
1993,1,124,62,unexposed,NA,NA
1993,1,126,63,unexposed,10000,10000
1993,1,128,64,unexposed,50,50
1994,2,1,1,unexposed,NA,NA
1994,2,3,2,unexposed,NA,NA
1994,2,5,3,unexposed,67000,67000
1994,2,7,4,unexposed,6,6
1994,2,9,5,unexposed,1000,1000
1994,2,11,6,unexposed,400,400
1994,2,13,7,unexposed,950,950
1994,2,15,8,unexposed,450,450
1994,2,17,9,unexposed,750,750
1994,2,19,10,unexposed,18000,18000
1994,2,21,11,unexposed,NA,NA
1994,2,23,12,unexposed,84,84
1994,2,25,13,unexposed,NA,NA
1994,2,27,14,unexposed,NA,NA
1994,2,29,15,unexposed,NA,NA
1994,2,31,16,unexposed,NA,NA
1994,2,33,17,unexposed,NA,NA
1994,2,35,18,unexposed,50,50
1994,2,37,19,unexposed,1000,1000
1994,2,39,20,unexposed,NA,NA
1994,2,41,21,unexposed,200,200
1994,2,43,22,unexposed,20,20
1994,2,45,23,unexposed,200,200
1994,2,47,24,unexposed,NA,NA
1994,2,49,25,unexposed,2500,2500
1994,2,51,26,unexposed,750,750
1994,2,53,27,unexposed,1050,1050
1994,2,55,28,unexposed,3500,3500
1994,2,57,29,unexposed,NA,NA
1994,2,59,30,unexposed,1660,1660
1994,2,61,31,unexposed,1500,1500
1994,2,63,32,unexposed,25,25
1994,2,65,33,unexposed,125,125
1994,2,67,34,unexposed,10000,10000
1994,2,69,35,unexposed,5000,5000
1994,2,71,36,unexposed,NA,NA
1994,2,73,37,unexposed,650,650
1994,2,75,38,unexposed,10000,10000
1994,2,77,39,unexposed,NA,NA
1994,2,79,40,unexposed,NA,NA
1994,2,81,41,unexposed,NA,NA
1994,2,83,42,unexposed,1500,1500
1994,2,85,43,unexposed,13000,13000
1994,2,87,44,unexposed,1000,1000
1994,2,89,45,unexposed,100,100
1994,2,91,46,unexposed,NA,NA
1994,2,93,47,unexposed,12000,12000
1994,2,95,48,unexposed,200,200
1994,2,97,49,unexposed,7700,7700
1994,2,99,50,unexposed,35000,35000
1994,2,101,51,unexposed,6000,6000
1994,2,103,52,unexposed,20000,20000
1994,2,105,53,unexposed,NA,NA
1994,2,107,54,unexposed,1800,1800
1994,2,109,55,unexposed,300,300
1994,2,111,56,unexposed,NA,NA
1994,2,113,57,unexposed,150,150
1994,2,115,58,unexposed,100,100
1994,2,117,59,unexposed,25000,25000
1994,2,119,60,unexposed,100,100
1994,2,121,61,unexposed,250,250
1994,2,123,62,unexposed,600,600
1994,2,125,63,unexposed,2000,2000
1994,2,127,64,unexposed,NA,NA
1995,1,2,1,unexposed,NA,NA
1995,1,4,2,unexposed,NA,NA
1995,1,6,3,unexposed,3000,3000
1995,1,8,4,unexposed,NA,NA
1995,1,10,5,unexposed,NA,NA
1995,1,12,6,unexposed,6,6
1995,1,14,7,unexposed,1000,1000
1995,1,16,8,unexposed,200,200
1995,1,18,9,unexposed,1800,1800
1995,1,20,10,unexposed,15000,15000
1995,1,22,11,unexposed,2,2
1995,1,24,12,unexposed,NA,NA
1995,1,26,13,unexposed,NA,NA
1995,1,28,14,unexposed,NA,NA
1995,1,30,15,unexposed,NA,NA
1995,1,32,16,unexposed,NA,NA
1995,1,34,17,unexposed,2500,2500
1995,1,36,18,unexposed,NA,NA
1995,1,38,19,unexposed,6000,6000
1995,1,40,20,unexposed,NA,NA
1995,1,42,21,unexposed,100,100
1995,1,44,22,unexposed,75,75
1995,1,46,23,unexposed,1000,1000
1995,1,48,24,unexposed,NA,NA
1995,1,50,25,unexposed,3000,3000
1995,1,52,26,unexposed,400,400
1995,1,54,27,unexposed,16000,16000
1995,1,56,28,unexposed,12500,12500
1995,1,58,29,unexposed,NA,NA
1995,1,60,30,unexposed,650,650
1995,1,62,31,unexposed,150,150
1995,1,64,32,unexposed,NA,NA
1995,1,66,33,unexposed,NA,NA
1995,1,68,34,unexposed,NA,NA
1995,1,70,35,unexposed,NA,NA
1995,1,72,36,unexposed,4000,4000
1995,1,74,37,unexposed,1000,1000
1995,1,76,38,unexposed,2000,2000
1995,1,78,39,unexposed,NA,NA
1995,1,80,40,unexposed,NA,NA
1995,1,82,41,unexposed,NA,NA
1995,1,84,42,unexposed,NA,NA
1995,1,86,43,unexposed,10000,10000
1995,1,88,44,unexposed,100,100
1995,1,90,45,unexposed,2000,2000
1995,1,92,46,unexposed,NA,NA
1995,1,94,47,unexposed,75000,75000
1995,1,96,48,unexposed,100,100
1995,1,98,49,unexposed,250,250
1995,1,100,50,unexposed,150,150
1995,1,102,51,unexposed,10000,10000
1995,1,104,52,unexposed,4000,4000
1995,1,106,53,unexposed,NA,NA
1995,1,108,54,unexposed,300,300
1995,1,110,55,unexposed,NA,NA
1995,1,112,56,unexposed,NA,NA
1995,1,114,57,unexposed,NA,NA
1995,1,116,58,unexposed,NA,NA
1995,1,118,59,unexposed,3000,3000
1995,1,120,60,unexposed,NA,NA
1995,1,122,61,unexposed,100,100
1995,1,124,62,unexposed,100,100
1995,1,126,63,unexposed,26000,26000
1995,1,128,64,unexposed,25,25
1996,2,1,1,unexposed,NA,NA
1996,2,3,2,unexposed,150,150
1996,2,5,3,unexposed,28000,28000
1996,2,7,4,unexposed,NA,NA
1996,2,9,5,unexposed,NA,NA
1996,2,11,6,unexposed,4800,4800
1996,2,13,7,unexposed,8200,8200
1996,2,15,8,unexposed,450,450
1996,2,17,9,unexposed,6000,6000
1996,2,19,10,unexposed,22000,22000
1996,2,21,11,unexposed,NA,NA
1996,2,23,12,unexposed,NA,NA
1996,2,25,13,unexposed,500,500
1996,2,27,14,unexposed,NA,NA
1996,2,29,15,unexposed,NA,NA
1996,2,31,16,unexposed,NA,NA
1996,2,33,17,unexposed,200,200
1996,2,35,18,unexposed,NA,NA
1996,2,37,19,unexposed,12000,12000
1996,2,39,20,unexposed,NA,NA
1996,2,41,21,unexposed,500,500
1996,2,43,22,unexposed,350,350
1996,2,45,23,unexposed,750,750
1996,2,47,24,unexposed,NA,NA
1996,2,49,25,unexposed,1000,1000
1996,2,51,26,unexposed,21000,21000
1996,2,53,27,unexposed,23000,23000
1996,2,55,28,unexposed,28000,28000
1996,2,57,29,unexposed,100,100
1996,2,59,30,unexposed,24000,24000
1996,2,61,31,unexposed,4000,4000
1996,2,63,32,unexposed,20,20
1996,2,65,33,unexposed,4000,4000
1996,2,67,34,unexposed,50000,50000
1996,2,69,35,unexposed,5000,5000
1996,2,71,36,unexposed,25000,25000
1996,2,73,37,unexposed,2200,2200
1996,2,75,38,unexposed,20000,20000
1996,2,77,39,unexposed,1300,1300
1996,2,79,40,unexposed,NA,NA
1996,2,81,41,unexposed,NA,NA
1996,2,83,42,unexposed,11000,11000
1996,2,85,43,unexposed,200000,200000
1996,2,87,44,unexposed,17000,17000
1996,2,89,45,unexposed,1000,1000
1996,2,91,46,unexposed,NA,NA
1996,2,93,47,unexposed,200000,200000
1996,2,95,48,unexposed,100,100
1996,2,97,49,unexposed,4100,4100
1996,2,99,50,unexposed,37000,37000
1996,2,101,51,unexposed,100000,100000
1996,2,103,52,unexposed,150000,150000
1996,2,105,53,unexposed,NA,NA
1996,2,107,54,unexposed,9000,9000
1996,2,109,55,unexposed,NA,NA
1996,2,111,56,unexposed,NA,NA
1996,2,113,57,unexposed,NA,NA
1996,2,115,58,unexposed,NA,NA
1996,2,117,59,unexposed,31000,31000
1996,2,119,60,unexposed,NA,NA
1996,2,121,61,unexposed,1000,1000
1996,2,123,62,unexposed,1000,1000
1996,2,125,63,unexposed,6300,6300
1996,2,127,64,unexposed,NA,NA
1997,1,2,1,unexposed,NA,NA
1997,1,4,2,unexposed,NA,NA
1997,1,6,3,unexposed,2100,2100
1997,1,8,4,unexposed,50,50
1997,1,10,5,unexposed,15000,15000
1997,1,12,6,unexposed,250,250
1997,1,14,7,unexposed,1500,1500
1997,1,16,8,unexposed,400,400
1997,1,18,9,unexposed,1000,1000
1997,1,20,10,unexposed,20000,20000
1997,1,22,11,unexposed,NA,NA
1997,1,24,12,unexposed,20,20
1997,1,26,13,unexposed,50,50
1997,1,28,14,unexposed,100,100
1997,1,30,15,unexposed,220,220
1997,1,32,16,unexposed,NA,NA
1997,1,34,17,unexposed,NA,NA
1997,1,36,18,unexposed,NA,NA
1997,1,38,19,unexposed,2700,2700
1997,1,40,20,unexposed,NA,NA
1997,1,42,21,unexposed,NA,NA
1997,1,44,22,unexposed,NA,NA
1997,1,46,23,unexposed,6000,6000
1997,1,48,24,unexposed,NA,NA
1997,1,50,25,unexposed,NA,NA
1997,1,52,26,unexposed,400,400
1997,1,54,27,unexposed,3500,3500
1997,1,56,28,unexposed,2000,2000
1997,1,58,29,unexposed,NA,NA
1997,1,60,30,unexposed,750,750
1997,1,62,31,unexposed,50,50
1997,1,64,32,unexposed,10,10
1997,1,66,33,unexposed,4000,4000
1997,1,68,34,unexposed,NA,NA
1997,1,70,35,unexposed,50000,50000
1997,1,72,36,unexposed,10000,10000
1997,1,74,37,unexposed,300,300
1997,1,76,38,unexposed,12000,12000
1997,1,78,39,unexposed,NA,NA
1997,1,80,40,unexposed,NA,NA
1997,1,82,41,unexposed,NA,NA
1997,1,84,42,unexposed,NA,NA
1997,1,86,43,unexposed,32000,32000
1997,1,88,44,unexposed,500,500
1997,1,90,45,unexposed,NA,NA
1997,1,92,46,unexposed,NA,NA
1997,1,94,47,unexposed,25000,25000
1997,1,96,48,unexposed,50,50
1997,1,98,49,unexposed,200,200
1997,1,100,50,unexposed,NA,NA
1997,1,102,51,unexposed,50000,50000
1997,1,104,52,unexposed,100000,100000
1997,1,106,53,unexposed,NA,NA
1997,1,108,54,unexposed,600,600
1997,1,110,55,unexposed,1500,1500
1997,1,112,56,unexposed,NA,NA
1997,1,114,57,unexposed,50,50
1997,1,116,58,unexposed,500,500
1997,1,118,59,unexposed,1500,1500
1997,1,120,60,unexposed,NA,NA
1997,1,122,61,unexposed,100,100
1997,1,124,62,unexposed,200,200
1997,1,126,63,unexposed,1400,1400
1997,1,128,64,unexposed,NA,NA
1998,2,1,1,unexposed,NA,NA
1998,2,3,2,unexposed,200,200
1998,2,5,3,unexposed,14000,14000
1998,2,7,4,unexposed,NA,NA
1998,2,9,5,unexposed,5000,5000
1998,2,11,6,unexposed,500,500
1998,2,13,7,unexposed,1000,1000
1998,2,15,8,unexposed,500,500
1998,2,17,9,unexposed,500,500
1998,2,19,10,unexposed,5000,5000
1998,2,21,11,unexposed,30,30
1998,2,23,12,unexposed,20,20
1998,2,25,13,unexposed,400,400
1998,2,27,14,unexposed,NA,NA
1998,2,29,15,unexposed,1200,1200
1998,2,31,16,unexposed,2500,2500
1998,2,33,17,unexposed,500,500
1998,2,35,18,unexposed,NA,NA
1998,2,37,19,unexposed,500,500
1998,2,39,20,unexposed,NA,NA
1998,2,41,21,unexposed,20,20
1998,2,43,22,unexposed,30,30
1998,2,45,23,unexposed,2000,2000
1998,2,47,24,unexposed,200,200
1998,2,49,25,unexposed,8000,8000
1998,2,51,26,unexposed,1700,1700
1998,2,53,27,unexposed,11000,11000
1998,2,55,28,unexposed,9000,9000
1998,2,57,29,unexposed,NA,NA
1998,2,59,30,unexposed,6000,6000
1998,2,61,31,unexposed,500,500
1998,2,63,32,unexposed,NA,NA
1998,2,65,33,unexposed,5000,5000
1998,2,67,34,unexposed,NA,NA
1998,2,69,35,unexposed,10000,10000
1998,2,71,36,unexposed,5200,5200
1998,2,73,37,unexposed,1100,1100
1998,2,75,38,unexposed,15000,15000
1998,2,77,39,unexposed,75,75
1998,2,79,40,unexposed,NA,NA
1998,2,81,41,unexposed,NA,NA
1998,2,83,42,unexposed,NA,NA
1998,2,85,43,unexposed,30000,30000
1998,2,87,44,unexposed,200,200
1998,2,89,45,unexposed,1000,1000
1998,2,91,46,unexposed,NA,NA
1998,2,93,47,unexposed,20000,20000
1998,2,95,48,unexposed,250,250
1998,2,97,49,unexposed,3600,3600
1998,2,99,50,unexposed,3000,3000
1998,2,101,51,unexposed,32000,32000
1998,2,103,52,unexposed,110000,110000
1998,2,105,53,unexposed,NA,NA
1998,2,107,54,unexposed,700,700
1998,2,109,55,unexposed,600,600
1998,2,111,56,unexposed,NA,NA
1998,2,113,57,unexposed,500,500
1998,2,115,58,unexposed,50,50
1998,2,117,59,unexposed,2500,2500
1998,2,119,60,unexposed,100,100
1998,2,121,61,unexposed,700,700
1998,2,123,62,unexposed,500,500
1998,2,125,63,unexposed,600,600
1998,2,127,64,unexposed,NA,NA
1999,1,2,1,unexposed,NA,NA
1999,1,4,2,unexposed,300,300
1999,1,6,3,unexposed,12000,12000
1999,1,8,4,unexposed,NA,NA
1999,1,10,5,unexposed,5000,5000
1999,1,12,6,unexposed,400,400
1999,1,14,7,unexposed,5200,5200
1999,1,16,8,unexposed,1000,1000
1999,1,18,9,unexposed,500,500
1999,1,20,10,unexposed,20000,20000
1999,1,22,11,unexposed,NA,NA
1999,1,24,12,unexposed,NA,NA
1999,1,26,13,unexposed,NA,NA
1999,1,28,14,unexposed,NA,NA
1999,1,30,15,unexposed,NA,NA
1999,1,32,16,unexposed,5000,5000
1999,1,34,17,unexposed,1200,1200
1999,1,36,18,unexposed,NA,NA
1999,1,38,19,unexposed,6500,6500
1999,1,40,20,unexposed,NA,NA
1999,1,42,21,unexposed,500,500
1999,1,44,22,unexposed,NA,NA
1999,1,46,23,unexposed,4700,4700
1999,1,48,24,unexposed,50,50
1999,1,50,25,unexposed,1500,1500
1999,1,52,26,unexposed,1800,1800
1999,1,54,27,unexposed,7500,7500
1999,1,56,28,unexposed,2500,2500
1999,1,58,29,unexposed,70,70
1999,1,60,30,unexposed,1000,1000
1999,1,62,31,unexposed,250,250
1999,1,64,32,unexposed,NA,NA
1999,1,66,33,unexposed,2000,2000
1999,1,68,34,unexposed,NA,NA
1999,1,70,35,unexposed,10000,10000
1999,1,72,36,unexposed,5000,5000
1999,1,74,37,unexposed,250,250
1999,1,76,38,unexposed,9000,9000
1999,1,78,39,unexposed,NA,NA
1999,1,80,40,unexposed,NA,NA
1999,1,82,41,unexposed,NA,NA
1999,1,84,42,unexposed,NA,NA
1999,1,86,43,unexposed,30000,30000
1999,1,88,44,unexposed,60,60
1999,1,90,45,unexposed,500,500
1999,1,92,46,unexposed,500,500
1999,1,94,47,unexposed,60000,60000
1999,1,96,48,unexposed,400,400
1999,1,98,49,unexposed,1500,1500
1999,1,100,50,unexposed,500,500
1999,1,102,51,unexposed,25000,25000
1999,1,104,52,unexposed,65000,65000
1999,1,106,53,unexposed,NA,NA
1999,1,108,54,unexposed,400,400
1999,1,110,55,unexposed,50,50
1999,1,112,56,unexposed,NA,NA
1999,1,114,57,unexposed,NA,NA
1999,1,116,58,unexposed,NA,NA
1999,1,118,59,unexposed,25000,25000
1999,1,120,60,unexposed,NA,NA
1999,1,122,61,unexposed,400,400
1999,1,124,62,unexposed,300,300
1999,1,126,63,unexposed,NA,NA
1999,1,128,64,unexposed,NA,NA
2000,2,1,1,unexposed,10,10
2000,2,3,2,unexposed,200,200
2000,2,5,3,unexposed,42000,42000
2000,2,7,4,unexposed,NA,NA
2000,2,9,5,unexposed,5500,5500
2000,2,11,6,unexposed,100,100
2000,2,13,7,unexposed,3000,3000
2000,2,15,8,unexposed,NA,NA
2000,2,17,9,unexposed,200,200
2000,2,19,10,unexposed,8000,8000
2000,2,21,11,unexposed,NA,NA
2000,2,23,12,unexposed,NA,NA
2000,2,25,13,unexposed,NA,NA
2000,2,27,14,unexposed,NA,NA
2000,2,29,15,unexposed,500,500
2000,2,31,16,unexposed,4000,4000
2000,2,33,17,unexposed,4000,4000
2000,2,35,18,unexposed,NA,NA
2000,2,37,19,unexposed,2000,2000
2000,2,39,20,unexposed,NA,NA
2000,2,41,21,unexposed,NA,NA
2000,2,43,22,unexposed,NA,NA
2000,2,45,23,unexposed,1000,1000
2000,2,47,24,unexposed,150,150
2000,2,49,25,unexposed,14400,14400
2000,2,51,26,unexposed,4600,4600
2000,2,53,27,unexposed,15000,15000
2000,2,55,28,unexposed,10000,10000
2000,2,57,29,unexposed,50,50
2000,2,59,30,unexposed,8000,8000
2000,2,61,31,unexposed,500,500
2000,2,63,32,unexposed,NA,NA
2000,2,65,33,unexposed,5000,5000
2000,2,67,34,unexposed,NA,NA
2000,2,69,35,unexposed,4000,4000
2000,2,71,36,unexposed,3000,3000
2000,2,73,37,unexposed,2500,2500
2000,2,75,38,unexposed,70000,70000
2000,2,77,39,unexposed,50,50
2000,2,79,40,unexposed,NA,NA
2000,2,81,41,unexposed,NA,NA
2000,2,83,42,unexposed,200,200
2000,2,85,43,unexposed,75000,75000
2000,2,87,44,unexposed,NA,NA
2000,2,89,45,unexposed,NA,NA
2000,2,91,46,unexposed,NA,NA
2000,2,93,47,unexposed,100000,100000
2000,2,95,48,unexposed,1500,1500
2000,2,97,49,unexposed,1200,1200
2000,2,99,50,unexposed,30000,30000
2000,2,101,51,unexposed,55000,55000
2000,2,103,52,unexposed,140000,140000
2000,2,105,53,unexposed,NA,NA
2000,2,107,54,unexposed,6000,6000
2000,2,109,55,unexposed,1750,1750
2000,2,111,56,unexposed,2100,2100
2000,2,113,57,unexposed,740,740
2000,2,115,58,unexposed,65,65
2000,2,117,59,unexposed,75000,75000
2000,2,119,60,unexposed,NA,NA
2000,2,121,61,unexposed,1700,1700
2000,2,123,62,unexposed,1000,1000
2000,2,125,63,unexposed,18417,18417
2000,2,127,64,unexposed,NA,NA
2001,1,2,1,unexposed,NA,NA
2001,1,4,2,unexposed,1350,1350
2001,1,6,3,unexposed,56000,56000
2001,1,8,4,unexposed,2000,2000
2001,1,10,5,unexposed,8600,8600
2001,1,12,6,unexposed,3000,3000
2001,1,14,7,unexposed,7800,7800
2001,1,16,8,unexposed,150,150
2001,1,18,9,unexposed,3900,3900
2001,1,20,10,unexposed,39000,39000
2001,1,22,11,unexposed,200,200
2001,1,24,12,unexposed,NA,NA
2001,1,26,13,unexposed,NA,NA
2001,1,28,14,unexposed,160,160
2001,1,30,15,unexposed,650,650
2001,1,32,16,unexposed,4000,4000
2001,1,34,17,unexposed,NA,NA
2001,1,36,18,unexposed,600,600
2001,1,38,19,unexposed,9600,9600
2001,1,40,20,unexposed,NA,NA
2001,1,42,21,unexposed,700,700
2001,1,44,22,unexposed,200,200
2001,1,46,23,unexposed,5200,5200
2001,1,48,24,unexposed,500,500
2001,1,50,25,unexposed,1200,1200
2001,1,52,26,unexposed,3200,3200
2001,1,54,27,unexposed,13000,13000
2001,1,56,28,unexposed,23000,23000
2001,1,58,29,unexposed,NA,NA
2001,1,60,30,unexposed,1500,1500
2001,1,62,31,unexposed,500,500
2001,1,64,32,unexposed,NA,NA
2001,1,66,33,unexposed,1500,1500
2001,1,68,34,unexposed,2000,2000
2001,1,70,35,unexposed,20000,20000
2001,1,72,36,unexposed,7900,7900
2001,1,74,37,unexposed,NA,NA
2001,1,76,38,unexposed,NA,NA
2001,1,78,39,unexposed,NA,NA
2001,1,80,40,unexposed,NA,NA
2001,1,82,41,unexposed,NA,NA
2001,1,84,42,unexposed,NA,NA
2001,1,86,43,unexposed,101000,101000
2001,1,88,44,unexposed,NA,NA
2001,1,90,45,unexposed,10000,10000
2001,1,92,46,unexposed,NA,NA
2001,1,94,47,unexposed,168000,168000
2001,1,96,48,unexposed,900,900
2001,1,98,49,unexposed,700,700
2001,1,100,50,unexposed,NA,NA
2001,1,102,51,unexposed,500000,500000
2001,1,104,52,unexposed,700000,700000
2001,1,106,53,unexposed,NA,NA
2001,1,108,54,unexposed,700,700
2001,1,110,55,unexposed,NA,NA
2001,1,112,56,unexposed,NA,NA
2001,1,114,57,unexposed,NA,NA
2001,1,116,58,unexposed,NA,NA
2001,1,118,59,unexposed,53000,53000
2001,1,120,60,unexposed,NA,NA
2001,1,122,61,unexposed,1200,1200
2001,1,124,62,unexposed,900,900
2001,1,126,63,unexposed,NA,NA
2001,1,128,64,unexposed,NA,NA
2002,2,1,1,unexposed,NA,NA
2002,2,3,2,unexposed,800,800
2002,2,5,3,unexposed,60000,60000
2002,2,7,4,unexposed,NA,NA
2002,2,9,5,unexposed,5100,5100
2002,2,11,6,unexposed,2200,2200
2002,2,13,7,unexposed,2000,2000
2002,2,15,8,unexposed,NA,NA
2002,2,17,9,unexposed,NA,NA
2002,2,19,10,unexposed,25000,25000
2002,2,21,11,unexposed,NA,NA
2002,2,23,12,unexposed,NA,NA
2002,2,25,13,unexposed,200,200
2002,2,27,14,unexposed,100,100
2002,2,29,15,unexposed,1900,1900
2002,2,31,16,unexposed,10000,10000
2002,2,33,17,unexposed,NA,NA
2002,2,35,18,unexposed,NA,NA
2002,2,37,19,unexposed,17000,17000
2002,2,39,20,unexposed,NA,NA
2002,2,41,21,unexposed,80,80
2002,2,43,22,unexposed,NA,NA
2002,2,45,23,unexposed,1300,1300
2002,2,47,24,unexposed,25,25
2002,2,49,25,unexposed,7100,7100
2002,2,51,26,unexposed,6300,6300
2002,2,53,27,unexposed,19000,19000
2002,2,55,28,unexposed,15400,15400
2002,2,57,29,unexposed,650,650
2002,2,59,30,unexposed,6000,6000
2002,2,61,31,unexposed,1500,1500
2002,2,63,32,unexposed,NA,NA
2002,2,65,33,unexposed,1400,1400
2002,2,67,34,unexposed,NA,NA
2002,2,69,35,unexposed,5000,5000
2002,2,71,36,unexposed,10200,10200
2002,2,73,37,unexposed,NA,NA
2002,2,75,38,unexposed,4000,4000
2002,2,77,39,unexposed,NA,NA
2002,2,79,40,unexposed,NA,NA
2002,2,81,41,unexposed,NA,NA
2002,2,83,42,unexposed,NA,NA
2002,2,85,43,unexposed,280000,280000
2002,2,87,44,unexposed,NA,NA
2002,2,89,45,unexposed,NA,NA
2002,2,91,46,unexposed,NA,NA
2002,2,93,47,unexposed,100000,100000
2002,2,95,48,unexposed,17000,17000
2002,2,97,49,unexposed,12000,12000
2002,2,99,50,unexposed,40000,40000
2002,2,101,51,unexposed,270000,270000
2002,2,103,52,unexposed,400000,400000
2002,2,105,53,unexposed,NA,NA
2002,2,107,54,unexposed,17600,17600
2002,2,109,55,unexposed,4300,4300
2002,2,111,56,unexposed,6900,6900
2002,2,113,57,unexposed,650,650
2002,2,115,58,unexposed,2850,2850
2002,2,117,59,unexposed,80000,80000
2002,2,119,60,unexposed,NA,NA
2002,2,121,61,unexposed,11200,11200
2002,2,123,62,unexposed,2000,2000
2002,2,125,63,unexposed,100000,100000
2002,2,127,64,unexposed,NA,NA
2003,1,2,1,unexposed,NA,NA
2003,1,4,2,unexposed,2000,2000
2003,1,6,3,unexposed,16500,16500
2003,1,8,4,unexposed,NA,NA
2003,1,10,5,unexposed,15000,15000
2003,1,12,6,unexposed,900,900
2003,1,14,7,unexposed,7000,7000
2003,1,16,8,unexposed,NA,NA
2003,1,18,9,unexposed,NA,NA
2003,1,20,10,unexposed,25000,25000
2003,1,22,11,unexposed,NA,NA
2003,1,24,12,unexposed,NA,NA
2003,1,26,13,unexposed,NA,NA
2003,1,28,14,unexposed,NA,NA
2003,1,30,15,unexposed,NA,NA
2003,1,32,16,unexposed,NA,NA
2003,1,34,17,unexposed,NA,NA
2003,1,36,18,unexposed,NA,NA
2003,1,38,19,unexposed,15500,15500
2003,1,40,20,unexposed,NA,NA
2003,1,42,21,unexposed,NA,NA
2003,1,44,22,unexposed,NA,NA
2003,1,46,23,unexposed,NA,NA
2003,1,48,24,unexposed,NA,NA
2003,1,50,25,unexposed,5300,5300
2003,1,52,26,unexposed,11000,11000
2003,1,54,27,unexposed,13000,13000
2003,1,56,28,unexposed,15000,15000
2003,1,58,29,unexposed,NA,NA
2003,1,60,30,unexposed,NA,NA
2003,1,62,31,unexposed,2000,2000
2003,1,64,32,unexposed,NA,NA
2003,1,66,33,unexposed,12000,12000
2003,1,68,34,unexposed,NA,NA
2003,1,70,35,unexposed,40000,40000
2003,1,72,36,unexposed,11000,11000
2003,1,74,37,unexposed,4700,4700
2003,1,76,38,unexposed,40000,40000
2003,1,78,39,unexposed,NA,NA
2003,1,80,40,unexposed,NA,NA
2003,1,82,41,unexposed,NA,NA
2003,1,84,42,unexposed,NA,NA
2003,1,86,43,unexposed,130000,130000
2003,1,88,44,unexposed,NA,NA
2003,1,90,45,unexposed,NA,NA
2003,1,92,46,unexposed,NA,NA
2003,1,94,47,unexposed,85000,85000
2003,1,96,48,unexposed,4000,4000
2003,1,98,49,unexposed,6000,6000
2003,1,100,50,unexposed,NA,NA
2003,1,102,51,unexposed,100000,100000
2003,1,104,52,unexposed,500000,500000
2003,1,106,53,unexposed,NA,NA
2003,1,108,54,unexposed,7500,7500
2003,1,110,55,unexposed,6000,6000
2003,1,112,56,unexposed,5000,5000
2003,1,114,57,unexposed,2500,2500
2003,1,116,58,unexposed,2300,2300
2003,1,118,59,unexposed,13000,13000
2003,1,120,60,unexposed,NA,NA
2003,1,122,61,unexposed,NA,NA
2003,1,124,62,unexposed,NA,NA
2003,1,126,63,unexposed,50000,50000
2003,1,128,64,unexposed,NA,NA
2004,2,1,1,unexposed,NA,NA
2004,2,3,2,unexposed,800,800
2004,2,5,3,unexposed,25000,25000
2004,2,7,4,unexposed,NA,NA
2004,2,9,5,unexposed,2600,2600
2004,2,11,6,unexposed,710,710
2004,2,13,7,unexposed,NA,NA
2004,2,15,8,unexposed,NA,NA
2004,2,17,9,unexposed,NA,NA
2004,2,19,10,unexposed,15500,15500
2004,2,21,11,unexposed,NA,NA
2004,2,23,12,unexposed,100,100
2004,2,25,13,unexposed,150,150
2004,2,27,14,unexposed,NA,NA
2004,2,29,15,unexposed,NA,NA
2004,2,31,16,unexposed,2300,2300
2004,2,33,17,unexposed,170,170
2004,2,35,18,unexposed,NA,NA
2004,2,37,19,unexposed,4300,4300
2004,2,39,20,unexposed,NA,NA
2004,2,41,21,unexposed,NA,NA
2004,2,43,22,unexposed,NA,NA
2004,2,45,23,unexposed,200,200
2004,2,47,24,unexposed,NA,NA
2004,2,49,25,unexposed,NA,NA
2004,2,51,26,unexposed,10000,10000
2004,2,53,27,unexposed,6500,6500
2004,2,55,28,unexposed,11000,11000
2004,2,57,29,unexposed,NA,NA
2004,2,59,30,unexposed,11000,11000
2004,2,61,31,unexposed,2500,2500
2004,2,63,32,unexposed,NA,NA
2004,2,65,33,unexposed,6500,6500
2004,2,67,34,unexposed,NA,NA
2004,2,69,35,unexposed,NA,NA
2004,2,71,36,unexposed,2000,2000
2004,2,73,37,unexposed,NA,NA
2004,2,75,38,unexposed,4,4
2004,2,77,39,unexposed,NA,NA
2004,2,79,40,unexposed,NA,NA
2004,2,81,41,unexposed,NA,NA
2004,2,83,42,unexposed,4400,4400
2004,2,85,43,unexposed,42000,42000
2004,2,87,44,unexposed,5000,5000
2004,2,89,45,unexposed,7000,7000
2004,2,91,46,unexposed,NA,NA
2004,2,93,47,unexposed,20000,20000
2004,2,95,48,unexposed,NA,NA
2004,2,97,49,unexposed,NA,NA
2004,2,99,50,unexposed,16000,16000
2004,2,101,51,unexposed,20000,20000
2004,2,103,52,unexposed,100000,100000
2004,2,105,53,unexposed,NA,NA
2004,2,107,54,unexposed,NA,NA
2004,2,109,55,unexposed,NA,NA
2004,2,111,56,unexposed,600,600
2004,2,113,57,unexposed,NA,NA
2004,2,115,58,unexposed,NA,NA
2004,2,117,59,unexposed,7300,7300
2004,2,119,60,unexposed,NA,NA
2004,2,121,61,unexposed,600,600
2004,2,123,62,unexposed,NA,NA
2004,2,125,63,unexposed,NA,NA
2004,2,127,64,unexposed,NA,NA
2005,1,2,1,unexposed,NA,NA
2005,1,4,2,unexposed,900,900
2005,1,6,3,unexposed,5200,5200
2005,1,8,4,unexposed,350,350
2005,1,10,5,unexposed,5200,5200
2005,1,12,6,unexposed,925,925
2005,1,14,7,unexposed,700,700
2005,1,16,8,unexposed,NA,NA
2005,1,18,9,unexposed,NA,NA
2005,1,20,10,unexposed,11000,11000
2005,1,22,11,unexposed,NA,NA
2005,1,24,12,unexposed,250,250
2005,1,26,13,unexposed,350,350
2005,1,28,14,unexposed,NA,NA
2005,1,30,15,unexposed,NA,NA
2005,1,32,16,unexposed,1500,1500
2005,1,34,17,unexposed,1250,1250
2005,1,36,18,unexposed,350,350
2005,1,38,19,unexposed,2600,2600
2005,1,40,20,unexposed,NA,NA
2005,1,42,21,unexposed,NA,NA
2005,1,44,22,unexposed,NA,NA
2005,1,46,23,unexposed,NA,NA
2005,1,48,24,unexposed,NA,NA
2005,1,50,25,unexposed,NA,NA
2005,1,52,26,unexposed,12000,12000
2005,1,54,27,unexposed,10000,10000
2005,1,56,28,unexposed,20000,20000
2005,1,58,29,unexposed,200,200
2005,1,60,30,unexposed,6200,6200
2005,1,62,31,unexposed,3000,3000
2005,1,64,32,unexposed,800,800
2005,1,66,33,unexposed,6000,6000
2005,1,68,34,unexposed,NA,NA
2005,1,70,35,unexposed,30000,30000
2005,1,72,36,unexposed,NA,NA
2005,1,74,37,unexposed,NA,NA
2005,1,76,38,unexposed,20000,20000
2005,1,78,39,unexposed,NA,NA
2005,1,80,40,unexposed,NA,NA
2005,1,82,41,unexposed,10000,10000
2005,1,84,42,unexposed,NA,NA
2005,1,86,43,unexposed,130000,130000
2005,1,88,44,unexposed,NA,NA
2005,1,90,45,unexposed,NA,NA
2005,1,92,46,unexposed,NA,NA
2005,1,94,47,unexposed,50000,50000
2005,1,96,48,unexposed,2700,2700
2005,1,98,49,unexposed,800,800
2005,1,100,50,unexposed,NA,NA
2005,1,102,51,unexposed,200000,200000
2005,1,104,52,unexposed,375000,375000
2005,1,106,53,unexposed,NA,NA
2005,1,108,54,unexposed,3200,3200
2005,1,110,55,unexposed,2300,2300
2005,1,112,56,unexposed,7000,7000
2005,1,114,57,unexposed,3200,3200
2005,1,116,58,unexposed,1300,1300
2005,1,118,59,unexposed,6500,6500
2005,1,120,60,unexposed,NA,NA
2005,1,122,61,unexposed,NA,NA
2005,1,124,62,unexposed,NA,NA
2005,1,126,63,unexposed,5030,5030
2005,1,128,64,unexposed,NA,NA
2006,2,1,1,unexposed,NA,NA
2006,2,3,2,unexposed,55,55
2006,2,5,3,unexposed,6700,6700
2006,2,7,4,unexposed,40,40
2006,2,9,5,unexposed,450,450
2006,2,11,6,unexposed,105,105
2006,2,13,7,unexposed,450,450
2006,2,15,8,unexposed,NA,NA
2006,2,17,9,unexposed,35,35
2006,2,19,10,unexposed,3250,3250
2006,2,21,11,unexposed,NA,NA
2006,2,23,12,unexposed,NA,NA
2006,2,25,13,unexposed,NA,NA
2006,2,27,14,unexposed,NA,NA
2006,2,29,15,unexposed,60,60
2006,2,31,16,unexposed,800,800
2006,2,33,17,unexposed,NA,NA
2006,2,35,18,unexposed,NA,NA
2006,2,37,19,unexposed,300,300
2006,2,39,20,unexposed,NA,NA
2006,2,41,21,unexposed,NA,NA
2006,2,43,22,unexposed,NA,NA
2006,2,45,23,unexposed,65,65
2006,2,47,24,unexposed,NA,NA
2006,2,49,25,unexposed,NA,NA
2006,2,51,26,unexposed,120,120
2006,2,53,27,unexposed,NA,NA
2006,2,55,28,unexposed,400,400
2006,2,57,29,unexposed,NA,NA
2006,2,59,30,unexposed,370,370
2006,2,61,31,unexposed,NA,NA
2006,2,63,32,unexposed,NA,NA
2006,2,65,33,unexposed,300,300
2006,2,67,34,unexposed,NA,NA
2006,2,69,35,unexposed,3650,3650
2006,2,71,36,unexposed,NA,NA
2006,2,73,37,unexposed,NA,NA
2006,2,75,38,unexposed,NA,NA
2006,2,77,39,unexposed,NA,NA
2006,2,79,40,unexposed,NA,NA
2006,2,81,41,unexposed,NA,NA
2006,2,83,42,unexposed,90,90
2006,2,85,43,unexposed,3000,3000
2006,2,87,44,unexposed,1000,1000
2006,2,89,45,unexposed,NA,NA
2006,2,91,46,unexposed,NA,NA
2006,2,93,47,unexposed,NA,NA
2006,2,95,48,unexposed,NA,NA
2006,2,97,49,unexposed,400,400
2006,2,99,50,unexposed,1400,1400
2006,2,101,51,unexposed,5000,5000
2006,2,103,52,unexposed,31000,31000
2006,2,105,53,unexposed,NA,NA
2006,2,107,54,unexposed,225,225
2006,2,109,55,unexposed,180,180
2006,2,111,56,unexposed,100,100
2006,2,113,57,unexposed,50,50
2006,2,115,58,unexposed,30,30
2006,2,117,59,unexposed,NA,NA
2006,2,119,60,unexposed,NA,NA
2006,2,121,61,unexposed,NA,NA
2006,2,123,62,unexposed,NA,NA
2006,2,125,63,unexposed,NA,NA
2006,2,127,64,unexposed,NA,NA
1970,2,201,101,pre_lice,3500,3500
1970,2,203,102,pre_lice,35000,35000
1970,2,205,103,pre_lice,25000,25000
1970,2,207,104,pre_lice,75000,75000
1970,2,209,105,pre_lice,4000,4000
1970,2,211,106,pre_lice,400,400
1970,2,213,107,pre_lice,35000,35000
1971,1,202,101,pre_lice,15000,15000
1971,1,204,102,pre_lice,220000,220000
1971,1,206,103,pre_lice,7500,7500
1971,1,208,104,pre_lice,700000,210000
1971,1,210,105,pre_lice,25,25
1971,1,212,106,pre_lice,1500,1500
1971,1,214,107,pre_lice,3500,3500
1972,2,201,101,pre_lice,20000,20000
1972,2,203,102,pre_lice,15000,15000
1972,2,205,103,pre_lice,75000,75000
1972,2,207,104,pre_lice,75000,75000
1972,2,209,105,pre_lice,400,400
1972,2,211,106,pre_lice,400,400
1972,2,213,107,pre_lice,3000,3000
1973,1,202,101,pre_lice,15000,15000
1973,1,204,102,pre_lice,300000,300000
1973,1,206,103,pre_lice,20000,20000
1973,1,208,104,pre_lice,80000,80000
1973,1,210,105,pre_lice,300,300
1973,1,212,106,pre_lice,1600,1600
1973,1,214,107,pre_lice,3000,3000
1974,2,201,101,pre_lice,20000,20000
1974,2,203,102,pre_lice,100000,100000
1974,2,205,103,pre_lice,190000,190000
1974,2,207,104,pre_lice,81000,81000
1974,2,209,105,pre_lice,200,200
1974,2,211,106,pre_lice,1500,1500
1974,2,213,107,pre_lice,15000,15000
1975,1,202,101,pre_lice,8000,8000
1975,1,204,102,pre_lice,800000,800000
1975,1,206,103,pre_lice,9000,9000
1975,1,208,104,pre_lice,40000,40000
1975,1,210,105,pre_lice,50,50
1975,1,212,106,pre_lice,1600,1600
1975,1,214,107,pre_lice,20000,20000
1976,2,201,101,pre_lice,250,250
1976,2,203,102,pre_lice,500000,500000
1976,2,205,103,pre_lice,275000,275000
1976,2,207,104,pre_lice,55000,55000
1976,2,209,105,pre_lice,25,25
1976,2,211,106,pre_lice,1500,1500
1976,2,213,107,pre_lice,100000,100000
1977,1,202,101,pre_lice,8000,8000
1977,1,204,102,pre_lice,75000,75000
1977,1,206,103,pre_lice,25000,25000
1977,1,208,104,pre_lice,25000,25000
1977,1,210,105,pre_lice,NA,NA
1977,1,212,106,pre_lice,400,400
1977,1,214,107,pre_lice,4000,4000
1978,2,201,101,pre_lice,13000,13000
1978,2,203,102,pre_lice,222000,222000
1978,2,205,103,pre_lice,20000,20000
1978,2,207,104,pre_lice,25000,25000
1978,2,209,105,pre_lice,NA,NA
1978,2,211,106,pre_lice,150,150
1978,2,213,107,pre_lice,120000,120000
1979,1,202,101,pre_lice,30000,30000
1979,1,204,102,pre_lice,100000,100000
1979,1,206,103,pre_lice,300,300
1979,1,208,104,pre_lice,22000,22000
1979,1,210,105,pre_lice,500,500
1979,1,212,106,pre_lice,200,200
1979,1,214,107,pre_lice,5000,5000
1980,2,201,101,pre_lice,30000,30000
1980,2,203,102,pre_lice,300000,300000
1980,2,205,103,pre_lice,20000,20000
1980,2,207,104,pre_lice,25000,25000
1980,2,209,105,pre_lice,400,400
1980,2,211,106,pre_lice,600,600
1980,2,213,107,pre_lice,340000,340000
1981,1,202,101,pre_lice,30000,30000
1981,1,204,102,pre_lice,600000,600000
1981,1,206,103,pre_lice,6000,6000
1981,1,208,104,pre_lice,184000,180000
1981,1,210,105,pre_lice,200,200
1981,1,212,106,pre_lice,300,300
1981,1,214,107,pre_lice,7000,7000
1982,2,201,101,pre_lice,3500,3500
1982,2,203,102,pre_lice,70000,70000
1982,2,205,103,pre_lice,24000,24000
1982,2,207,104,pre_lice,35000,35000
1982,2,209,105,pre_lice,100,100
1982,2,211,106,pre_lice,650,650
1982,2,213,107,pre_lice,85000,85000
1983,1,202,101,pre_lice,35000,35000
1983,1,204,102,pre_lice,800000,800000
1983,1,206,103,pre_lice,10000,7000
1983,1,208,104,pre_lice,150000,125000
1983,1,210,105,pre_lice,1000,1000
1983,1,212,106,pre_lice,2550,2550
1983,1,214,107,pre_lice,9000,9000
1984,2,201,101,pre_lice,10000,10000
1984,2,203,102,pre_lice,100000,100000
1984,2,205,103,pre_lice,2200,22000
1984,2,207,104,pre_lice,4000,4000
1984,2,209,105,pre_lice,NA,NA
1984,2,211,106,pre_lice,450,450
1984,2,213,107,pre_lice,50000,50000
1985,1,202,101,pre_lice,28000,28000
1985,1,204,102,pre_lice,500000,500000
1985,1,206,103,pre_lice,9850,9850
1985,1,208,104,pre_lice,105000,105000
1985,1,210,105,pre_lice,50,50
1985,1,212,106,pre_lice,2000,2000
1985,1,214,107,pre_lice,13000,13000
1986,2,201,101,pre_lice,24000,24000
1986,2,203,102,pre_lice,250000,250000
1986,2,205,103,pre_lice,31000,31000
1986,2,207,104,pre_lice,24000,24000
1986,2,209,105,pre_lice,20,20
1986,2,211,106,pre_lice,500,500
1986,2,213,107,pre_lice,150000,150000
1987,1,202,101,pre_lice,1500,1500
1987,1,204,102,pre_lice,60000,60000
1987,1,206,103,pre_lice,7000,7000
1987,1,208,104,pre_lice,38000,38000
1987,1,210,105,pre_lice,NA,NA
1987,1,212,106,pre_lice,6,6
1987,1,214,107,pre_lice,4000,4000
1988,2,201,101,pre_lice,12000,12000
1988,2,203,102,pre_lice,475000,475000
1988,2,205,103,pre_lice,92000,92000
1988,2,207,104,pre_lice,125000,125000
1988,2,209,105,pre_lice,NA,NA
1988,2,211,106,pre_lice,7100,7100
1988,2,213,107,pre_lice,225000,225000
1989,1,202,101,pre_lice,5000,5000
1989,1,204,102,pre_lice,130000,130000
1989,1,206,103,pre_lice,9000,9000
1989,1,208,104,pre_lice,85000,60000
1989,1,210,105,pre_lice,NA,NA
1989,1,212,106,pre_lice,NA,NA
1989,1,214,107,pre_lice,10000,10000
1990,2,201,101,pre_lice,40000,40000
1990,2,203,102,pre_lice,600000,600000
1990,2,205,103,pre_lice,200000,200000
1990,2,207,104,pre_lice,250000,250000
1990,2,209,105,pre_lice,100,100
1990,2,211,106,pre_lice,10000,10000
1990,2,213,107,pre_lice,250000,250000
1991,1,202,101,pre_lice,3000,3000
1991,1,204,102,pre_lice,37175,37175
1991,1,206,103,pre_lice,3000,3000
1991,1,208,104,pre_lice,1300,1300
1991,1,210,105,pre_lice,10,10
1991,1,212,106,pre_lice,300,300
1991,1,214,107,pre_lice,4000,4000
1992,2,201,101,pre_lice,17150,17150
1992,2,203,102,pre_lice,600000,600000
1992,2,205,103,pre_lice,31500,31500
1992,2,207,104,pre_lice,24000,24000
1992,2,209,105,pre_lice,24,24
1992,2,211,106,pre_lice,18800,18800
1992,2,213,107,pre_lice,85700,85700
1993,1,202,101,pre_lice,5400,5400
1993,1,204,102,pre_lice,112000,112000
1993,1,206,103,pre_lice,125,125
1993,1,208,104,pre_lice,4700,4700
1993,1,210,105,pre_lice,6,6
1993,1,212,106,pre_lice,1591,1591
1993,1,214,107,pre_lice,25000,25000
1994,2,201,101,pre_lice,27000,27000
1994,2,203,102,pre_lice,510000,510000
1994,2,205,103,pre_lice,20500,20500
1994,2,207,104,pre_lice,13600,13600
1994,2,209,105,pre_lice,40,40
1994,2,211,106,pre_lice,9500,9500
1994,2,213,107,pre_lice,70000,70000
1995,1,202,101,pre_lice,5800,5800
1995,1,204,102,pre_lice,114000,114000
1995,1,206,103,pre_lice,1450,1450
1995,1,208,104,pre_lice,2700,2700
1995,1,210,105,pre_lice,NA,NA
1995,1,212,106,pre_lice,1815,1815
1995,1,214,107,pre_lice,35000,35000
1996,2,201,101,pre_lice,60000,60000
1996,2,203,102,pre_lice,816000,816000
1996,2,205,103,pre_lice,45600,45600
1996,2,207,104,pre_lice,198000,198000
1996,2,209,105,pre_lice,310,310
1996,2,211,106,pre_lice,50000,50000
1996,2,213,107,pre_lice,75000,75000
1997,1,202,101,pre_lice,800,800
1997,1,204,102,pre_lice,18000,18000
1997,1,206,103,pre_lice,500,500
1997,1,208,104,pre_lice,30,30
1997,1,210,105,pre_lice,1,1
1997,1,212,106,pre_lice,3600,3600
1997,1,214,107,pre_lice,3500,3500
1998,2,201,101,pre_lice,64000,64000
1998,2,203,102,pre_lice,737000,737000
1998,2,205,103,pre_lice,111750,111750
1998,2,207,104,pre_lice,170000,120000
1998,2,209,105,pre_lice,80,80
1998,2,211,106,pre_lice,10000,10000
1998,2,213,107,pre_lice,80000,80000
1999,1,202,101,pre_lice,2100,2100
1999,1,204,102,pre_lice,30100,30100
1999,1,206,103,pre_lice,NA,NA
1999,1,208,104,pre_lice,NA,NA
1999,1,210,105,pre_lice,80,80
1999,1,212,106,pre_lice,150,150
1999,1,214,107,pre_lice,NA,NA
2000,2,201,101,pre_lice,55000,55000
2000,2,203,102,pre_lice,1700000,1700000
2000,2,205,103,pre_lice,76034,76034
2000,2,207,104,pre_lice,369640,215000
2000,2,209,105,pre_lice,50,50
2000,2,211,106,pre_lice,24300,24300
2000,2,213,107,pre_lice,500000,500000
2004,2,201,101,lice,18650,18650
2004,2,203,102,lice,129554,129554
2004,2,205,103,lice,23683,23683
2004,2,207,104,lice,69412,69412
2004,2,209,105,lice,144,144
2004,2,211,106,lice,2098,2098
2004,2,213,107,lice,137224,137224
2002,2,201,101,lice,625,625
2002,2,203,102,lice,11100,11110
2002,2,205,103,lice,1711,1711
2002,2,207,104,lice,29286,29286
2002,2,209,105,lice,30,30
2002,2,211,106,lice,29,29
2002,2,213,107,lice,8167,8167
2003,1,202,101,lice,929,929
2003,1,204,102,lice,13888,16582
2003,1,206,103,lice,375,375
2003,1,208,104,lice,2627,2627
2003,1,210,105,lice,43,43
2003,1,212,106,lice,79,79
2003,1,214,107,lice,4182,4182
2005,1,202,101,lice,2668,2668
2005,1,204,102,lice,29389,29389
2005,1,206,103,lice,54,54
2005,1,208,104,lice,68,68
2005,1,210,105,lice,15,15
2005,1,212,106,lice,2755,2755
2005,1,214,107,lice,4120,4120
2006,2,201,101,lice,1218,1218
2006,2,203,102,lice,74818,74818
2006,2,205,103,lice,3423,3423
2006,2,207,104,lice,14661,14661
2006,2,209,105,lice,7,7
2006,2,211,106,lice,89,89
2006,2,213,107,lice,10801,10801
2001,1,202,101,lice,22000,22000
2001,1,204,102,lice,96000,96000
2001,1,206,103,lice,1100,1100
2001,1,208,104,lice,947,947
2001,1,210,105,lice,NA,350
2001,1,212,106,lice,16000,16000
2001,1,214,107,lice,2800,2800